date,bitcoin,isPartial
2014-01-01,28,False
2014-01-02,30,False
2014-01-03,35,False
2014-01-04,28,False
2014-01-05,32,False
2014-01-06,40,False
2014-01-07,38,False
2014-01-08,36,False
2014-01-09,36,False
2014-01-10,35,False
2014-01-11,31,False
2014-01-12,32,False
2014-01-13,31,False
2014-01-14,31,False
2014-01-15,35,False
2014-01-16,38,False
2014-01-17,40,False
2014-01-18,27,False
2014-01-19,30,False
2014-01-20,36,False
2014-01-21,38,False
2014-01-22,37,False
2014-01-23,35,False
2014-01-24,35,False
2014-01-25,31,False
2014-01-26,30,False
2014-01-27,42,False
2014-01-28,45,False
2014-01-29,35,False
2014-01-30,31,False
2014-01-31,28,False
2014-02-01,26,False
2014-02-02,26,False
2014-02-03,26,False
2014-02-04,27,False
2014-02-05,26,False
2014-02-06,29,False
2014-02-07,42,False
2014-02-08,32,False
2014-02-09,30,False
2014-02-10,44,False
2014-02-11,43,False
2014-02-12,37,False
2014-02-13,33,False
2014-02-14,42,False
2014-02-15,28,False
2014-02-16,32,False
2014-02-17,29,False
2014-02-18,33,False
2014-02-19,32,False
2014-02-20,36,False
2014-02-21,33,False
2014-02-22,26,False
2014-02-23,27,False
2014-02-24,40,False
2014-02-25,100,False
2014-02-26,68,False
2014-02-27,45,False
2014-02-28,58,False
2014-03-01,46,False
2014-03-02,36,False
2014-03-03,36,False
2014-03-04,37,False
2014-03-05,40,False
2014-03-06,57,False
2014-03-07,66,False
2014-03-08,36,False
2014-03-09,30,False
2014-03-10,29,False
2014-03-11,28,False
2014-03-12,27,False
2014-03-13,23,False
2014-03-14,22,False
2014-03-15,19,False
2014-03-16,18,False
2014-03-17,20,False
2014-03-18,21,False
2014-03-19,20,False
2014-03-20,22,False
2014-03-21,26,False
2014-03-22,20,False
2014-03-23,17,False
2014-03-24,20,False
2014-03-25,25,False
2014-03-26,26,False
2014-03-27,24,False
2014-03-28,23,False
2014-03-29,17,False
2014-03-30,20,False
2014-03-31,21,False
2014-04-01,19,False
2014-04-02,98,False
2014-04-03,96,False
2014-04-04,77,False
2014-04-05,74,False
2014-04-06,75,False
2014-04-07,79,False
2014-04-08,78,False
2014-04-09,94,False
2014-04-10,100,False
2014-04-11,97,False
2014-04-12,74,False
2014-04-13,66,False
2014-04-14,74,False
2014-04-15,83,False
2014-04-16,94,False
2014-04-17,79,False
2014-04-18,73,False
2014-04-19,67,False
2014-04-20,62,False
2014-04-21,69,False
2014-04-22,68,False
2014-04-23,69,False
2014-04-24,66,False
2014-04-25,78,False
2014-04-26,61,False
2014-04-27,59,False
2014-04-28,69,False
2014-04-29,64,False
2014-04-30,73,False
2014-05-01,68,False
2014-05-02,56,False
2014-05-03,55,False
2014-05-04,59,False
2014-05-05,68,False
2014-05-06,63,False
2014-05-07,58,False
2014-05-08,69,False
2014-05-09,60,False
2014-05-10,52,False
2014-05-11,52,False
2014-05-12,55,False
2014-05-13,64,False
2014-05-14,56,False
2014-05-15,67,False
2014-05-16,60,False
2014-05-17,53,False
2014-05-18,54,False
2014-05-19,57,False
2014-05-20,63,False
2014-05-21,57,False
2014-05-22,70,False
2014-05-23,62,False
2014-05-24,55,False
2014-05-25,63,False
2014-05-26,73,False
2014-05-27,75,False
2014-05-28,70,False
2014-05-29,75,False
2014-05-30,74,False
2014-05-31,62,False
2014-06-01,63,False
2014-06-02,70,False
2014-06-03,76,False
2014-06-04,62,False
2014-06-05,63,False
2014-06-06,58,False
2014-06-07,56,False
2014-06-08,54,False
2014-06-09,56,False
2014-06-10,61,False
2014-06-11,71,False
2014-06-12,76,False
2014-06-13,86,False
2014-06-14,67,False
2014-06-15,63,False
2014-06-16,71,False
2014-06-17,68,False
2014-06-18,61,False
2014-06-19,65,False
2014-06-20,63,False
2014-06-21,54,False
2014-06-22,55,False
2014-06-23,54,False
2014-06-24,52,False
2014-06-25,51,False
2014-06-26,53,False
2014-06-27,60,False
2014-06-28,55,False
2014-06-29,54,False
2014-06-30,63,False
2014-07-01,60,False
2014-07-02,74,False
2014-07-03,72,False
2014-07-04,69,False
2014-07-05,62,False
2014-07-06,68,False
2014-07-07,73,False
2014-07-08,67,False
2014-07-09,65,False
2014-07-10,67,False
2014-07-11,71,False
2014-07-12,61,False
2014-07-13,58,False
2014-07-14,59,False
2014-07-15,66,False
2014-07-16,76,False
2014-07-17,75,False
2014-07-18,71,False
2014-07-19,73,False
2014-07-20,66,False
2014-07-21,67,False
2014-07-22,67,False
2014-07-23,68,False
2014-07-24,68,False
2014-07-25,67,False
2014-07-26,62,False
2014-07-27,63,False
2014-07-28,66,False
2014-07-29,65,False
2014-07-30,67,False
2014-07-31,66,False
2014-08-01,66,False
2014-08-02,59,False
2014-08-03,57,False
2014-08-04,61,False
2014-08-05,67,False
2014-08-06,75,False
2014-08-07,72,False
2014-08-08,62,False
2014-08-09,60,False
2014-08-10,63,False
2014-08-11,69,False
2014-08-12,63,False
2014-08-13,100,False
2014-08-14,89,False
2014-08-15,90,False
2014-08-16,79,False
2014-08-17,66,False
2014-08-18,85,False
2014-08-19,83,False
2014-08-20,81,False
2014-08-21,64,False
2014-08-22,69,False
2014-08-23,62,False
2014-08-24,66,False
2014-08-25,61,False
2014-08-26,62,False
2014-08-27,56,False
2014-08-28,62,False
2014-08-29,61,False
2014-08-30,62,False
2014-08-31,72,False
2014-09-01,73,False
2014-09-02,77,False
2014-09-03,71,False
2014-09-04,69,False
2014-09-05,68,False
2014-09-06,63,False
2014-09-07,65,False
2014-09-08,68,False
2014-09-09,83,False
2014-09-10,94,False
2014-09-11,96,False
2014-09-12,80,False
2014-09-13,60,False
2014-09-14,60,False
2014-09-15,67,False
2014-09-16,63,False
2014-09-17,67,False
2014-09-18,67,False
2014-09-19,76,False
2014-09-20,66,False
2014-09-21,69,False
2014-09-22,67,False
2014-09-23,81,False
2014-09-24,78,False
2014-09-25,67,False
2014-09-26,64,False
2014-09-27,57,False
2014-09-28,67,False
2014-09-29,79,False
2014-09-30,77,False
2014-10-01,47,False
2014-10-02,47,False
2014-10-03,45,False
2014-10-04,51,False
2014-10-05,64,False
2014-10-06,65,False
2014-10-07,59,False
2014-10-08,56,False
2014-10-09,57,False
2014-10-10,50,False
2014-10-11,45,False
2014-10-12,44,False
2014-10-13,49,False
2014-10-14,56,False
2014-10-15,52,False
2014-10-16,48,False
2014-10-17,43,False
2014-10-18,45,False
2014-10-19,44,False
2014-10-20,39,False
2014-10-21,40,False
2014-10-22,45,False
2014-10-23,43,False
2014-10-24,42,False
2014-10-25,39,False
2014-10-26,41,False
2014-10-27,41,False
2014-10-28,44,False
2014-10-29,42,False
2014-10-30,40,False
2014-10-31,37,False
2014-11-01,39,False
2014-11-02,45,False
2014-11-03,42,False
2014-11-04,41,False
2014-11-05,42,False
2014-11-06,49,False
2014-11-07,49,False
2014-11-08,44,False
2014-11-09,48,False
2014-11-10,47,False
2014-11-11,54,False
2014-11-12,57,False
2014-11-13,62,False
2014-11-14,45,False
2014-11-15,45,False
2014-11-16,44,False
2014-11-17,44,False
2014-11-18,49,False
2014-11-19,43,False
2014-11-20,42,False
2014-11-21,41,False
2014-11-22,42,False
2014-11-23,41,False
2014-11-24,42,False
2014-11-25,44,False
2014-11-26,38,False
2014-11-27,45,False
2014-11-28,41,False
2014-11-29,40,False
2014-11-30,39,False
2014-12-01,40,False
2014-12-02,46,False
2014-12-03,42,False
2014-12-04,43,False
2014-12-05,41,False
2014-12-06,40,False
2014-12-07,45,False
2014-12-08,48,False
2014-12-09,41,False
2014-12-10,44,False
2014-12-11,60,False
2014-12-12,58,False
2014-12-13,46,False
2014-12-14,44,False
2014-12-15,45,False
2014-12-16,48,False
2014-12-17,49,False
2014-12-18,50,False
2014-12-19,46,False
2014-12-20,46,False
2014-12-21,43,False
2014-12-22,44,False
2014-12-23,43,False
2014-12-24,43,False
2014-12-25,45,False
2014-12-26,50,False
2014-12-27,100,False
2014-12-28,44,False
2014-12-29,47,False
2014-12-30,42,False
2014-12-31,54,False
2015-01-01,51,False
2015-01-02,51,False
2015-01-03,56,False
2015-01-04,70,False
2015-01-05,68,False
2015-01-06,75,False
2015-01-07,55,False
2015-01-08,61,False
2015-01-09,56,False
2015-01-10,55,False
2015-01-11,51,False
2015-01-12,48,False
2015-01-13,64,False
2015-01-14,100,False
2015-01-15,85,False
2015-01-16,71,False
2015-01-17,58,False
2015-01-18,54,False
2015-01-19,50,False
2015-01-20,53,False
2015-01-21,61,False
2015-01-22,52,False
2015-01-23,53,False
2015-01-24,52,False
2015-01-25,57,False
2015-01-26,83,False
2015-01-27,63,False
2015-01-28,62,False
2015-01-29,58,False
2015-01-30,51,False
2015-01-31,48,False
2015-02-01,50,False
2015-02-02,47,False
2015-02-03,53,False
2015-02-04,49,False
2015-02-05,52,False
2015-02-06,51,False
2015-02-07,64,False
2015-02-08,59,False
2015-02-09,63,False
2015-02-10,62,False
2015-02-11,52,False
2015-02-12,59,False
2015-02-13,50,False
2015-02-14,52,False
2015-02-15,53,False
2015-02-16,54,False
2015-02-17,54,False
2015-02-18,51,False
2015-02-19,56,False
2015-02-20,90,False
2015-02-21,58,False
2015-02-22,54,False
2015-02-23,54,False
2015-02-24,50,False
2015-02-25,47,False
2015-02-26,45,False
2015-02-27,49,False
2015-02-28,45,False
2015-03-01,48,False
2015-03-02,52,False
2015-03-03,52,False
2015-03-04,53,False
2015-03-05,52,False
2015-03-06,63,False
2015-03-07,63,False
2015-03-08,54,False
2015-03-09,53,False
2015-03-10,61,False
2015-03-11,60,False
2015-03-12,54,False
2015-03-13,53,False
2015-03-14,53,False
2015-03-15,52,False
2015-03-16,53,False
2015-03-17,53,False
2015-03-18,60,False
2015-03-19,61,False
2015-03-20,50,False
2015-03-21,48,False
2015-03-22,48,False
2015-03-23,50,False
2015-03-24,50,False
2015-03-25,57,False
2015-03-26,52,False
2015-03-27,45,False
2015-03-28,42,False
2015-03-29,47,False
2015-03-30,59,False
2015-03-31,52,False
2015-04-01,56,False
2015-04-02,50,False
2015-04-03,50,False
2015-04-04,50,False
2015-04-05,53,False
2015-04-06,51,False
2015-04-07,53,False
2015-04-08,56,False
2015-04-09,55,False
2015-04-10,53,False
2015-04-11,47,False
2015-04-12,47,False
2015-04-13,52,False
2015-04-14,54,False
2015-04-15,50,False
2015-04-16,47,False
2015-04-17,49,False
2015-04-18,48,False
2015-04-19,51,False
2015-04-20,49,False
2015-04-21,54,False
2015-04-22,56,False
2015-04-23,49,False
2015-04-24,48,False
2015-04-25,47,False
2015-04-26,48,False
2015-04-27,50,False
2015-04-28,49,False
2015-04-29,49,False
2015-04-30,53,False
2015-05-01,49,False
2015-05-02,43,False
2015-05-03,45,False
2015-05-04,44,False
2015-05-05,46,False
2015-05-06,51,False
2015-05-07,47,False
2015-05-08,50,False
2015-05-09,44,False
2015-05-10,44,False
2015-05-11,48,False
2015-05-12,46,False
2015-05-13,51,False
2015-05-14,65,False
2015-05-15,49,False
2015-05-16,49,False
2015-05-17,48,False
2015-05-18,48,False
2015-05-19,52,False
2015-05-20,56,False
2015-05-21,54,False
2015-05-22,49,False
2015-05-23,46,False
2015-05-24,50,False
2015-05-25,52,False
2015-05-26,51,False
2015-05-27,51,False
2015-05-28,44,False
2015-05-29,52,False
2015-05-30,61,False
2015-05-31,55,False
2015-06-01,52,False
2015-06-02,47,False
2015-06-03,51,False
2015-06-04,49,False
2015-06-05,45,False
2015-06-06,48,False
2015-06-07,49,False
2015-06-08,45,False
2015-06-09,48,False
2015-06-10,46,False
2015-06-11,45,False
2015-06-12,48,False
2015-06-13,40,False
2015-06-14,47,False
2015-06-15,47,False
2015-06-16,50,False
2015-06-17,55,False
2015-06-18,100,False
2015-06-19,55,False
2015-06-20,60,False
2015-06-21,50,False
2015-06-22,47,False
2015-06-23,49,False
2015-06-24,48,False
2015-06-25,52,False
2015-06-26,46,False
2015-06-27,50,False
2015-06-28,51,False
2015-06-29,58,False
2015-06-30,74,False
2015-07-01,66,False
2015-07-02,67,False
2015-07-03,66,False
2015-07-04,70,False
2015-07-05,72,False
2015-07-06,82,False
2015-07-07,72,False
2015-07-08,81,False
2015-07-09,73,False
2015-07-10,79,False
2015-07-11,68,False
2015-07-12,77,False
2015-07-13,74,False
2015-07-14,67,False
2015-07-15,64,False
2015-07-16,64,False
2015-07-17,62,False
2015-07-18,64,False
2015-07-19,63,False
2015-07-20,64,False
2015-07-21,64,False
2015-07-22,61,False
2015-07-23,55,False
2015-07-24,61,False
2015-07-25,60,False
2015-07-26,65,False
2015-07-27,66,False
2015-07-28,71,False
2015-07-29,59,False
2015-07-30,58,False
2015-07-31,58,False
2015-08-01,100,False
2015-08-02,78,False
2015-08-03,73,False
2015-08-04,72,False
2015-08-05,65,False
2015-08-06,61,False
2015-08-07,58,False
2015-08-08,58,False
2015-08-09,59,False
2015-08-10,62,False
2015-08-11,63,False
2015-08-12,60,False
2015-08-13,64,False
2015-08-14,57,False
2015-08-15,55,False
2015-08-16,61,False
2015-08-17,61,False
2015-08-18,69,False
2015-08-19,86,False
2015-08-20,73,False
2015-08-21,68,False
2015-08-22,65,False
2015-08-23,69,False
2015-08-24,81,False
2015-08-25,85,False
2015-08-26,70,False
2015-08-27,62,False
2015-08-28,64,False
2015-08-29,59,False
2015-08-30,62,False
2015-08-31,58,False
2015-09-01,57,False
2015-09-02,62,False
2015-09-03,56,False
2015-09-04,61,False
2015-09-05,56,False
2015-09-06,56,False
2015-09-07,53,False
2015-09-08,59,False
2015-09-09,61,False
2015-09-10,55,False
2015-09-11,53,False
2015-09-12,57,False
2015-09-13,60,False
2015-09-14,61,False
2015-09-15,56,False
2015-09-16,63,False
2015-09-17,60,False
2015-09-18,63,False
2015-09-19,53,False
2015-09-20,57,False
2015-09-21,56,False
2015-09-22,61,False
2015-09-23,64,False
2015-09-24,58,False
2015-09-25,59,False
2015-09-26,56,False
2015-09-27,58,False
2015-09-28,56,False
2015-09-29,58,False
2015-09-30,30,False
2015-10-01,27,False
2015-10-02,29,False
2015-10-03,27,False
2015-10-04,26,False
2015-10-05,29,False
2015-10-06,32,False
2015-10-07,29,False
2015-10-08,31,False
2015-10-09,29,False
2015-10-10,29,False
2015-10-11,28,False
2015-10-12,30,False
2015-10-13,30,False
2015-10-14,28,False
2015-10-15,29,False
2015-10-16,31,False
2015-10-17,31,False
2015-10-18,30,False
2015-10-19,30,False
2015-10-20,35,False
2015-10-21,34,False
2015-10-22,39,False
2015-10-23,34,False
2015-10-24,33,False
2015-10-25,33,False
2015-10-26,36,False
2015-10-27,38,False
2015-10-28,38,False
2015-10-29,44,False
2015-10-30,45,False
2015-10-31,38,False
2015-11-01,44,False
2015-11-02,48,False
2015-11-03,68,False
2015-11-04,92,False
2015-11-05,81,False
2015-11-06,57,False
2015-11-07,50,False
2015-11-08,43,False
2015-11-09,52,False
2015-11-10,47,False
2015-11-11,45,False
2015-11-12,42,False
2015-11-13,41,False
2015-11-14,33,False
2015-11-15,34,False
2015-11-16,36,False
2015-11-17,40,False
2015-11-18,39,False
2015-11-19,37,False
2015-11-20,40,False
2015-11-21,40,False
2015-11-22,35,False
2015-11-23,37,False
2015-11-24,37,False
2015-11-25,35,False
2015-11-26,39,False
2015-11-27,35,False
2015-11-28,33,False
2015-11-29,34,False
2015-11-30,40,False
2015-12-01,39,False
2015-12-02,41,False
2015-12-03,38,False
2015-12-04,35,False
2015-12-05,34,False
2015-12-06,37,False
2015-12-07,39,False
2015-12-08,51,False
2015-12-09,100,False
2015-12-10,69,False
2015-12-11,56,False
2015-12-12,51,False
2015-12-13,45,False
2015-12-14,43,False
2015-12-15,51,False
2015-12-16,45,False
2015-12-17,46,False
2015-12-18,44,False
2015-12-19,36,False
2015-12-20,40,False
2015-12-21,42,False
2015-12-22,39,False
2015-12-23,44,False
2015-12-24,40,False
2015-12-25,38,False
2015-12-26,43,False
2015-12-27,39,False
2015-12-28,40,False
2015-12-29,40,False
2015-12-30,77,False
2015-12-31,69,False
2016-01-01,59,False
2016-01-02,64,False
2016-01-03,70,False
2016-01-04,69,False
2016-01-05,76,False
2016-01-06,70,False
2016-01-07,86,False
2016-01-08,82,False
2016-01-09,69,False
2016-01-10,65,False
2016-01-11,76,False
2016-01-12,66,False
2016-01-13,74,False
2016-01-14,73,False
2016-01-15,97,False
2016-01-16,100,False
2016-01-17,87,False
2016-01-18,86,False
2016-01-19,82,False
2016-01-20,88,False
2016-01-21,84,False
2016-01-22,79,False
2016-01-23,79,False
2016-01-24,65,False
2016-01-25,73,False
2016-01-26,74,False
2016-01-27,71,False
2016-01-28,73,False
2016-01-29,73,False
2016-01-30,64,False
2016-01-31,62,False
2016-02-01,69,False
2016-02-02,64,False
2016-02-03,68,False
2016-02-04,65,False
2016-02-05,65,False
2016-02-06,63,False
2016-02-07,64,False
2016-02-08,63,False
2016-02-09,68,False
2016-02-10,73,False
2016-02-11,78,False
2016-02-12,70,False
2016-02-13,64,False
2016-02-14,64,False
2016-02-15,79,False
2016-02-16,77,False
2016-02-17,76,False
2016-02-18,86,False
2016-02-19,83,False
2016-02-20,76,False
2016-02-21,77,False
2016-02-22,74,False
2016-02-23,72,False
2016-02-24,78,False
2016-02-25,71,False
2016-02-26,74,False
2016-02-27,69,False
2016-02-28,65,False
2016-02-29,71,False
2016-03-01,72,False
2016-03-02,73,False
2016-03-03,78,False
2016-03-04,69,False
2016-03-05,83,False
2016-03-06,64,False
2016-03-07,73,False
2016-03-08,71,False
2016-03-09,74,False
2016-03-10,67,False
2016-03-11,63,False
2016-03-12,65,False
2016-03-13,63,False
2016-03-14,74,False
2016-03-15,69,False
2016-03-16,69,False
2016-03-17,66,False
2016-03-18,61,False
2016-03-19,65,False
2016-03-20,67,False
2016-03-21,69,False
2016-03-22,69,False
2016-03-23,68,False
2016-03-24,63,False
2016-03-25,61,False
2016-03-26,60,False
2016-03-27,64,False
2016-03-28,63,False
2016-03-29,68,False
2016-03-30,32,False
2016-03-31,31,False
2016-04-01,28,False
2016-04-02,28,False
2016-04-03,27,False
2016-04-04,29,False
2016-04-05,31,False
2016-04-06,30,False
2016-04-07,30,False
2016-04-08,29,False
2016-04-09,26,False
2016-04-10,29,False
2016-04-11,29,False
2016-04-12,31,False
2016-04-13,32,False
2016-04-14,26,False
2016-04-15,26,False
2016-04-16,26,False
2016-04-17,27,False
2016-04-18,27,False
2016-04-19,30,False
2016-04-20,29,False
2016-04-21,32,False
2016-04-22,34,False
2016-04-23,29,False
2016-04-24,31,False
2016-04-25,33,False
2016-04-26,33,False
2016-04-27,35,False
2016-04-28,38,False
2016-04-29,33,False
2016-04-30,31,False
2016-05-01,27,False
2016-05-02,100,False
2016-05-03,63,False
2016-05-04,43,False
2016-05-05,43,False
2016-05-06,39,False
2016-05-07,37,False
2016-05-08,36,False
2016-05-09,38,False
2016-05-10,36,False
2016-05-11,36,False
2016-05-12,33,False
2016-05-13,33,False
2016-05-14,28,False
2016-05-15,26,False
2016-05-16,27,False
2016-05-17,33,False
2016-05-18,32,False
2016-05-19,34,False
2016-05-20,33,False
2016-05-21,29,False
2016-05-22,28,False
2016-05-23,31,False
2016-05-24,29,False
2016-05-25,33,False
2016-05-26,27,False
2016-05-27,37,False
2016-05-28,42,False
2016-05-29,44,False
2016-05-30,46,False
2016-05-31,43,False
2016-06-01,40,False
2016-06-02,38,False
2016-06-03,41,False
2016-06-04,42,False
2016-06-05,41,False
2016-06-06,42,False
2016-06-07,40,False
2016-06-08,38,False
2016-06-09,39,False
2016-06-10,36,False
2016-06-11,38,False
2016-06-12,55,False
2016-06-13,64,False
2016-06-14,56,False
2016-06-15,50,False
2016-06-16,65,False
2016-06-17,64,False
2016-06-18,53,False
2016-06-19,46,False
2016-06-20,50,False
2016-06-21,59,False
2016-06-22,50,False
2016-06-23,55,False
2016-06-24,73,False
2016-06-25,55,False
2016-06-26,45,False
2016-06-27,47,False
2016-06-28,47,False
2016-06-29,54,False
2016-06-30,56,False
2016-07-01,58,False
2016-07-02,51,False
2016-07-03,54,False
2016-07-04,54,False
2016-07-05,51,False
2016-07-06,53,False
2016-07-07,56,False
2016-07-08,53,False
2016-07-09,74,False
2016-07-10,57,False
2016-07-11,52,False
2016-07-12,51,False
2016-07-13,46,False
2016-07-14,46,False
2016-07-15,46,False
2016-07-16,43,False
2016-07-17,44,False
2016-07-18,45,False
2016-07-19,44,False
2016-07-20,43,False
2016-07-21,46,False
2016-07-22,39,False
2016-07-23,39,False
2016-07-24,42,False
2016-07-25,39,False
2016-07-26,45,False
2016-07-27,47,False
2016-07-28,43,False
2016-07-29,38,False
2016-07-30,41,False
2016-07-31,44,False
2016-08-01,47,False
2016-08-02,58,False
2016-08-03,100,False
2016-08-04,65,False
2016-08-05,48,False
2016-08-06,46,False
2016-08-07,50,False
2016-08-08,49,False
2016-08-09,48,False
2016-08-10,43,False
2016-08-11,38,False
2016-08-12,39,False
2016-08-13,40,False
2016-08-14,39,False
2016-08-15,40,False
2016-08-16,41,False
2016-08-17,40,False
2016-08-18,40,False
2016-08-19,41,False
2016-08-20,37,False
2016-08-21,39,False
2016-08-22,40,False
2016-08-23,43,False
2016-08-24,43,False
2016-08-25,44,False
2016-08-26,43,False
2016-08-27,38,False
2016-08-28,38,False
2016-08-29,41,False
2016-08-30,41,False
2016-08-31,42,False
2016-09-01,44,False
2016-09-02,39,False
2016-09-03,40,False
2016-09-04,47,False
2016-09-05,46,False
2016-09-06,44,False
2016-09-07,45,False
2016-09-08,47,False
2016-09-09,45,False
2016-09-10,43,False
2016-09-11,41,False
2016-09-12,48,False
2016-09-13,46,False
2016-09-14,44,False
2016-09-15,46,False
2016-09-16,44,False
2016-09-17,40,False
2016-09-18,38,False
2016-09-19,42,False
2016-09-20,43,False
2016-09-21,46,False
2016-09-22,46,False
2016-09-23,42,False
2016-09-24,46,False
2016-09-25,39,False
2016-09-26,42,False
2016-09-27,42,False
2016-09-28,41,False
2016-09-29,42,False
2016-09-30,43,False
2016-10-01,42,False
2016-10-02,40,False
2016-10-03,43,False
2016-10-04,44,False
2016-10-05,43,False
2016-10-06,45,False
2016-10-07,47,False
2016-10-08,41,False
2016-10-09,42,False
2016-10-10,44,False
2016-10-11,52,False
2016-10-12,50,False
2016-10-13,46,False
2016-10-14,48,False
2016-10-15,44,False
2016-10-16,48,False
2016-10-17,46,False
2016-10-18,45,False
2016-10-19,47,False
2016-10-20,43,False
2016-10-21,43,False
2016-10-22,45,False
2016-10-23,48,False
2016-10-24,48,False
2016-10-25,46,False
2016-10-26,49,False
2016-10-27,52,False
2016-10-28,56,False
2016-10-29,65,False
2016-10-30,56,False
2016-10-31,57,False
2016-11-01,60,False
2016-11-02,57,False
2016-11-03,58,False
2016-11-04,56,False
2016-11-05,56,False
2016-11-06,53,False
2016-11-07,51,False
2016-11-08,52,False
2016-11-09,77,False
2016-11-10,53,False
2016-11-11,53,False
2016-11-12,52,False
2016-11-13,52,False
2016-11-14,54,False
2016-11-15,56,False
2016-11-16,58,False
2016-11-17,60,False
2016-11-18,62,False
2016-11-19,57,False
2016-11-20,54,False
2016-11-21,55,False
2016-11-22,57,False
2016-11-23,61,False
2016-11-24,60,False
2016-11-25,54,False
2016-11-26,51,False
2016-11-27,54,False
2016-11-28,57,False
2016-11-29,59,False
2016-11-30,54,False
2016-12-01,61,False
2016-12-02,63,False
2016-12-03,56,False
2016-12-04,53,False
2016-12-05,62,False
2016-12-06,56,False
2016-12-07,60,False
2016-12-08,61,False
2016-12-09,59,False
2016-12-10,54,False
2016-12-11,54,False
2016-12-12,58,False
2016-12-13,61,False
2016-12-14,59,False
2016-12-15,55,False
2016-12-16,56,False
2016-12-17,56,False
2016-12-18,53,False
2016-12-19,60,False
2016-12-20,62,False
2016-12-21,75,False
2016-12-22,89,False
2016-12-23,100,False
2016-12-24,79,False
2016-12-25,80,False
2016-12-26,79,False
2016-12-27,84,False
2016-12-28,64,False
2016-12-29,64,False
2016-12-30,57,False
2016-12-31,45,False
2017-01-01,50,False
2017-01-02,81,False
2017-01-03,75,False
2017-01-04,84,False
2017-01-05,100,False
2017-01-06,91,False
2017-01-07,74,False
2017-01-08,72,False
2017-01-09,68,False
2017-01-10,63,False
2017-01-11,70,False
2017-01-12,73,False
2017-01-13,58,False
2017-01-14,56,False
2017-01-15,53,False
2017-01-16,50,False
2017-01-17,54,False
2017-01-18,53,False
2017-01-19,51,False
2017-01-20,48,False
2017-01-21,47,False
2017-01-22,45,False
2017-01-23,48,False
2017-01-24,50,False
2017-01-25,46,False
2017-01-26,44,False
2017-01-27,45,False
2017-01-28,43,False
2017-01-29,44,False
2017-01-30,46,False
2017-01-31,48,False
2017-02-01,51,False
2017-02-02,53,False
2017-02-03,54,False
2017-02-04,50,False
2017-02-05,50,False
2017-02-06,51,False
2017-02-07,50,False
2017-02-08,54,False
2017-02-09,55,False
2017-02-10,54,False
2017-02-11,50,False
2017-02-12,46,False
2017-02-13,47,False
2017-02-14,47,False
2017-02-15,47,False
2017-02-16,51,False
2017-02-17,49,False
2017-02-18,48,False
2017-02-19,42,False
2017-02-20,48,False
2017-02-21,57,False
2017-02-22,56,False
2017-02-23,63,False
2017-02-24,73,False
2017-02-25,59,False
2017-02-26,54,False
2017-02-27,55,False
2017-02-28,57,False
2017-03-01,58,False
2017-03-02,72,False
2017-03-03,91,False
2017-03-04,78,False
2017-03-05,65,False
2017-03-06,68,False
2017-03-07,75,False
2017-03-08,76,False
2017-03-09,70,False
2017-03-10,94,False
2017-03-11,83,False
2017-03-12,65,False
2017-03-13,65,False
2017-03-14,63,False
2017-03-15,62,False
2017-03-16,61,False
2017-03-17,64,False
2017-03-18,77,False
2017-03-19,70,False
2017-03-20,64,False
2017-03-21,64,False
2017-03-22,64,False
2017-03-23,60,False
2017-03-24,64,False
2017-03-25,66,False
2017-03-26,61,False
2017-03-27,59,False
2017-03-28,57,False
2017-03-29,17,False
2017-03-30,15,False
2017-03-31,15,False
2017-04-01,16,False
2017-04-02,15,False
2017-04-03,16,False
2017-04-04,16,False
2017-04-05,15,False
2017-04-06,16,False
2017-04-07,16,False
2017-04-08,16,False
2017-04-09,15,False
2017-04-10,15,False
2017-04-11,17,False
2017-04-12,15,False
2017-04-13,16,False
2017-04-14,15,False
2017-04-15,14,False
2017-04-16,14,False
2017-04-17,15,False
2017-04-18,17,False
2017-04-19,15,False
2017-04-20,15,False
2017-04-21,16,False
2017-04-22,15,False
2017-04-23,14,False
2017-04-24,15,False
2017-04-25,17,False
2017-04-26,18,False
2017-04-27,18,False
2017-04-28,18,False
2017-04-29,16,False
2017-04-30,17,False
2017-05-01,20,False
2017-05-02,23,False
2017-05-03,22,False
2017-05-04,28,False
2017-05-05,26,False
2017-05-06,23,False
2017-05-07,22,False
2017-05-08,24,False
2017-05-09,30,False
2017-05-10,28,False
2017-05-11,31,False
2017-05-12,36,False
2017-05-13,38,False
2017-05-14,33,False
2017-05-15,46,False
2017-05-16,40,False
2017-05-17,32,False
2017-05-18,30,False
2017-05-19,33,False
2017-05-20,33,False
2017-05-21,34,False
2017-05-22,63,False
2017-05-23,66,False
2017-05-24,73,False
2017-05-25,100,False
2017-05-26,79,False
2017-05-27,62,False
2017-05-28,42,False
2017-05-29,41,False
2017-05-30,41,False
2017-05-31,41,False
2017-06-01,39,False
2017-06-02,34,False
2017-06-03,33,False
2017-06-04,31,False
2017-06-05,35,False
2017-06-06,54,False
2017-06-07,46,False
2017-06-08,38,False
2017-06-09,37,False
2017-06-10,34,False
2017-06-11,36,False
2017-06-12,52,False
2017-06-13,44,False
2017-06-14,41,False
2017-06-15,56,False
2017-06-16,39,False
2017-06-17,33,False
2017-06-18,32,False
2017-06-19,32,False
2017-06-20,34,False
2017-06-21,36,False
2017-06-22,35,False
2017-06-23,33,False
2017-06-24,33,False
2017-06-25,31,False
2017-06-26,37,False
2017-06-27,44,False
2017-06-28,37,False
2017-06-29,29,False
2017-06-30,27,False
2017-07-01,26,False
2017-07-02,26,False
2017-07-03,26,False
2017-07-04,27,False
2017-07-05,27,False
2017-07-06,26,False
2017-07-07,26,False
2017-07-08,26,False
2017-07-09,25,False
2017-07-10,28,False
2017-07-11,31,False
2017-07-12,30,False
2017-07-13,28,False
2017-07-14,28,False
2017-07-15,31,False
2017-07-16,34,False
2017-07-17,33,False
2017-07-18,33,False
2017-07-19,30,False
2017-07-20,34,False
2017-07-21,33,False
2017-07-22,29,False
2017-07-23,30,False
2017-07-24,29,False
2017-07-25,32,False
2017-07-26,30,False
2017-07-27,29,False
2017-07-28,32,False
2017-07-29,28,False
2017-07-30,28,False
2017-07-31,35,False
2017-08-01,73,False
2017-08-02,62,False
2017-08-03,39,False
2017-08-04,34,False
2017-08-05,45,False
2017-08-06,36,False
2017-08-07,47,False
2017-08-08,51,False
2017-08-09,43,False
2017-08-10,37,False
2017-08-11,41,False
2017-08-12,48,False
2017-08-13,62,False
2017-08-14,75,False
2017-08-15,74,False
2017-08-16,62,False
2017-08-17,62,False
2017-08-18,59,False
2017-08-19,54,False
2017-08-20,50,False
2017-08-21,52,False
2017-08-22,57,False
2017-08-23,53,False
2017-08-24,49,False
2017-08-25,51,False
2017-08-26,40,False
2017-08-27,37,False
2017-08-28,43,False
2017-08-29,54,False
2017-08-30,54,False
2017-08-31,61,False
2017-09-01,65,False
2017-09-02,60,False
2017-09-03,54,False
2017-09-04,68,False
2017-09-05,68,False
2017-09-06,57,False
2017-09-07,52,False
2017-09-08,57,False
2017-09-09,44,False
2017-09-10,42,False
2017-09-11,53,False
2017-09-12,54,False
2017-09-13,72,False
2017-09-14,93,False
2017-09-15,100,False
2017-09-16,64,False
2017-09-17,49,False
2017-09-18,61,False
2017-09-19,58,False
2017-09-20,49,False
2017-09-21,47,False
2017-09-22,45,False
2017-09-23,33,False
2017-09-24,31,False
2017-09-25,37,False
2017-09-26,37,False
2017-09-27,7,False
2017-09-28,7,False
2017-09-29,7,False
2017-09-30,6,False
2017-10-01,6,False
2017-10-02,7,False
2017-10-03,7,False
2017-10-04,7,False
2017-10-05,6,False
2017-10-06,6,False
2017-10-07,6,False
2017-10-08,6,False
2017-10-09,8,False
2017-10-10,9,False
2017-10-11,8,False
2017-10-12,15,False
2017-10-13,18,False
2017-10-14,12,False
2017-10-15,11,False
2017-10-16,12,False
2017-10-17,11,False
2017-10-18,11,False
2017-10-19,11,False
2017-10-20,13,False
2017-10-21,15,False
2017-10-22,11,False
2017-10-23,14,False
2017-10-24,15,False
2017-10-25,13,False
2017-10-26,13,False
2017-10-27,11,False
2017-10-28,9,False
2017-10-29,10,False
2017-10-30,12,False
2017-10-31,14,False
2017-11-01,17,False
2017-11-02,24,False
2017-11-03,22,False
2017-11-04,17,False
2017-11-05,16,False
2017-11-06,17,False
2017-11-07,16,False
2017-11-08,18,False
2017-11-09,16,False
2017-11-10,20,False
2017-11-11,19,False
2017-11-12,25,False
2017-11-13,21,False
2017-11-14,17,False
2017-11-15,17,False
2017-11-16,17,False
2017-11-17,20,False
2017-11-18,15,False
2017-11-19,15,False
2017-11-20,19,False
2017-11-21,20,False
2017-11-22,17,False
2017-11-23,16,False
2017-11-24,16,False
2017-11-25,17,False
2017-11-26,24,False
2017-11-27,33,False
2017-11-28,39,False
2017-11-29,61,False
2017-11-30,50,False
2017-12-01,38,False
2017-12-02,29,False
2017-12-03,29,False
2017-12-04,34,False
2017-12-05,34,False
2017-12-06,48,False
2017-12-07,97,False
2017-12-08,88,False
2017-12-09,57,False
2017-12-10,55,False
2017-12-11,62,False
2017-12-12,60,False
2017-12-13,54,False
2017-12-14,46,False
2017-12-15,42,False
2017-12-16,44,False
2017-12-17,48,False
2017-12-18,47,False
2017-12-19,51,False
2017-12-20,69,False
2017-12-21,51,False
2017-12-22,100,False
2017-12-23,61,False
2017-12-24,46,False
2017-12-25,41,False
2017-12-26,41,False
2017-12-27,66,False
2017-12-28,64,False
2017-12-29,56,False
2017-12-30,58,False
2017-12-31,46,False
2018-01-01,43,False
2018-01-02,54,False
2018-01-03,54,False
2018-01-04,51,False
2018-01-05,50,False
2018-01-06,47,False
2018-01-07,44,False
2018-01-08,51,False
2018-01-09,49,False
2018-01-10,48,False
2018-01-11,57,False
2018-01-12,46,False
2018-01-13,40,False
2018-01-14,36,False
2018-01-15,37,False
2018-01-16,74,False
2018-01-17,100,False
2018-01-18,70,False
2018-01-19,49,False
2018-01-20,42,False
2018-01-21,38,False
2018-01-22,45,False
2018-01-23,44,False
2018-01-24,40,False
2018-01-25,38,False
2018-01-26,40,False
2018-01-27,32,False
2018-01-28,30,False
2018-01-29,31,False
2018-01-30,36,False
2018-01-31,38,False
2018-02-01,47,False
2018-02-02,65,False
2018-02-03,42,False
2018-02-04,36,False
2018-02-05,65,False
2018-02-06,82,False
2018-02-07,52,False
2018-02-08,42,False
2018-02-09,38,False
2018-02-10,30,False
2018-02-11,28,False
2018-02-12,31,False
2018-02-13,27,False
2018-02-14,29,False
2018-02-15,30,False
2018-02-16,27,False
2018-02-17,26,False
2018-02-18,27,False
2018-02-19,25,False
2018-02-20,29,False
2018-02-21,28,False
2018-02-22,26,False
2018-02-23,22,False
2018-02-24,20,False
2018-02-25,19,False
2018-02-26,21,False
2018-02-27,22,False
2018-02-28,20,False
2018-03-01,19,False
2018-03-02,20,False
2018-03-03,18,False
2018-03-04,16,False
2018-03-05,19,False
2018-03-06,19,False
2018-03-07,21,False
2018-03-08,21,False
2018-03-09,24,False
2018-03-10,17,False
2018-03-11,17,False
2018-03-12,19,False
2018-03-13,18,False
2018-03-14,21,False
2018-03-15,24,False
2018-03-16,20,False
2018-03-17,17,False
2018-03-18,21,False
2018-03-19,21,False
2018-03-20,19,False
2018-03-21,19,False
2018-03-22,18,False
2018-03-23,17,False
2018-03-24,13,False
2018-03-25,13,False
2018-03-26,20,False
2018-03-27,18,False
2018-03-28,72,False
2018-03-29,87,False
2018-03-30,100,False
2018-03-31,66,False
2018-04-01,77,False
2018-04-02,82,False
2018-04-03,76,False
2018-04-04,73,False
2018-04-05,78,False
2018-04-06,82,False
2018-04-07,58,False
2018-04-08,51,False
2018-04-09,72,False
2018-04-10,68,False
2018-04-11,64,False
2018-04-12,77,False
2018-04-13,82,False
2018-04-14,54,False
2018-04-15,51,False
2018-04-16,63,False
2018-04-17,62,False
2018-04-18,61,False
2018-04-19,63,False
2018-04-20,65,False
2018-04-21,55,False
2018-04-22,52,False
2018-04-23,66,False
2018-04-24,77,False
2018-04-25,71,False
2018-04-26,60,False
2018-04-27,53,False
2018-04-28,44,False
2018-04-29,45,False
2018-04-30,51,False
2018-05-01,48,False
2018-05-02,48,False
2018-05-03,57,False
2018-05-04,53,False
2018-05-05,49,False
2018-05-06,45,False
2018-05-07,54,False
2018-05-08,52,False
2018-05-09,50,False
2018-05-10,48,False
2018-05-11,63,False
2018-05-12,43,False
2018-05-13,41,False
2018-05-14,50,False
2018-05-15,48,False
2018-05-16,48,False
2018-05-17,44,False
2018-05-18,44,False
2018-05-19,37,False
2018-05-20,39,False
2018-05-21,41,False
2018-05-22,46,False
2018-05-23,58,False
2018-05-24,56,False
2018-05-25,43,False
2018-05-26,36,False
2018-05-27,39,False
2018-05-28,42,False
2018-05-29,45,False
2018-05-30,40,False
2018-05-31,40,False
2018-06-01,37,False
2018-06-02,36,False
2018-06-03,36,False
2018-06-04,37,False
2018-06-05,38,False
2018-06-06,36,False
2018-06-07,36,False
2018-06-08,35,False
2018-06-09,34,False
2018-06-10,46,False
2018-06-11,69,False
2018-06-12,52,False
2018-06-13,63,False
2018-06-14,53,False
2018-06-15,41,False
2018-06-16,36,False
2018-06-17,35,False
2018-06-18,41,False
2018-06-19,39,False
2018-06-20,38,False
2018-06-21,36,False
2018-06-22,46,False
2018-06-23,41,False
2018-06-24,46,False
2018-06-25,43,False
2018-06-26,39,False
2018-06-27,56,False
2018-06-28,55,False
2018-06-29,74,False
2018-06-30,63,False
2018-07-01,54,False
2018-07-02,62,False
2018-07-03,57,False
2018-07-04,56,False
2018-07-05,58,False
2018-07-06,53,False
2018-07-07,46,False
2018-07-08,52,False
2018-07-09,52,False
2018-07-10,56,False
2018-07-11,51,False
2018-07-12,56,False
2018-07-13,54,False
2018-07-14,49,False
2018-07-15,47,False
2018-07-16,56,False
2018-07-17,77,False
2018-07-18,91,False
2018-07-19,68,False
2018-07-20,64,False
2018-07-21,55,False
2018-07-22,54,False
2018-07-23,64,False
2018-07-24,100,False
2018-07-25,90,False
2018-07-26,71,False
2018-07-27,71,False
2018-07-28,57,False
2018-07-29,56,False
2018-07-30,64,False
2018-07-31,66,False
2018-08-01,63,False
2018-08-02,58,False
2018-08-03,60,False
2018-08-04,59,False
2018-08-05,56,False
2018-08-06,61,False
2018-08-07,62,False
2018-08-08,85,False
2018-08-09,69,False
2018-08-10,63,False
2018-08-11,63,False
2018-08-12,55,False
2018-08-13,63,False
2018-08-14,87,False
2018-08-15,69,False
2018-08-16,62,False
2018-08-17,57,False
2018-08-18,53,False
2018-08-19,51,False
2018-08-20,54,False
2018-08-21,59,False
2018-08-22,65,False
2018-08-23,57,False
2018-08-24,54,False
2018-08-25,52,False
2018-08-26,50,False
2018-08-27,54,False
2018-08-28,68,False
2018-08-29,61,False
2018-08-30,57,False
2018-08-31,56,False
2018-09-01,54,False
2018-09-02,54,False
2018-09-03,55,False
2018-09-04,59,False
2018-09-05,79,False
2018-09-06,92,False
2018-09-07,64,False
2018-09-08,54,False
2018-09-09,53,False
2018-09-10,54,False
2018-09-11,59,False
2018-09-12,63,False
2018-09-13,60,False
2018-09-14,56,False
2018-09-15,50,False
2018-09-16,47,False
2018-09-17,52,False
2018-09-18,52,False
2018-09-19,52,False
2018-09-20,52,False
2018-09-21,57,False
2018-09-22,50,False
2018-09-23,50,False
2018-09-24,51,False
2018-09-25,51,False
2018-09-26,36,False
2018-09-27,36,False
2018-09-28,36,False
2018-09-29,32,False
2018-09-30,32,False
2018-10-01,32,False
2018-10-02,35,False
2018-10-03,34,False
2018-10-04,34,False
2018-10-05,33,False
2018-10-06,29,False
2018-10-07,28,False
2018-10-08,33,False
2018-10-09,33,False
2018-10-10,35,False
2018-10-11,44,False
2018-10-12,36,False
2018-10-13,32,False
2018-10-14,32,False
2018-10-15,40,False
2018-10-16,36,False
2018-10-17,34,False
2018-10-18,34,False
2018-10-19,33,False
2018-10-20,31,False
2018-10-21,30,False
2018-10-22,32,False
2018-10-23,32,False
2018-10-24,33,False
2018-10-25,32,False
2018-10-26,31,False
2018-10-27,28,False
2018-10-28,28,False
2018-10-29,32,False
2018-10-30,33,False
2018-10-31,35,False
2018-11-01,34,False
2018-11-02,33,False
2018-11-03,30,False
2018-11-04,33,False
2018-11-05,34,False
2018-11-06,35,False
2018-11-07,34,False
2018-11-08,33,False
2018-11-09,33,False
2018-11-10,30,False
2018-11-11,28,False
2018-11-12,32,False
2018-11-13,33,False
2018-11-14,55,False
2018-11-15,66,False
2018-11-16,43,False
2018-11-17,37,False
2018-11-18,36,False
2018-11-19,67,False
2018-11-20,100,False
2018-11-21,77,False
2018-11-22,49,False
2018-11-23,56,False
2018-11-24,46,False
2018-11-25,80,False
2018-11-26,81,False
2018-11-27,76,False
2018-11-28,66,False
2018-11-29,55,False
2018-11-30,48,False
2018-12-01,41,False
2018-12-02,36,False
2018-12-03,47,False
2018-12-04,45,False
2018-12-05,44,False
2018-12-06,47,False
2018-12-07,72,False
2018-12-08,46,False
2018-12-09,42,False
2018-12-10,44,False
2018-12-11,46,False
2018-12-12,43,False
2018-12-13,44,False
2018-12-14,47,False
2018-12-15,42,False
2018-12-16,39,False
2018-12-17,51,False
2018-12-18,50,False
2018-12-19,54,False
2018-12-20,57,False
2018-12-21,46,False
2018-12-22,40,False
2018-12-23,40,False
2018-12-24,45,False
2018-12-25,43,False
2018-12-26,100,False
2018-12-27,97,False
2018-12-28,99,False
2018-12-29,92,False
2018-12-30,88,False
2018-12-31,88,False
2019-01-01,89,False
2019-01-02,93,False
2019-01-03,93,False
2019-01-04,91,False
2019-01-05,83,False
2019-01-06,85,False
2019-01-07,90,False
2019-01-08,87,False
2019-01-09,89,False
2019-01-10,100,False
2019-01-11,92,False
2019-01-12,81,False
2019-01-13,82,False
2019-01-14,87,False
2019-01-15,86,False
2019-01-16,83,False
2019-01-17,79,False
2019-01-18,76,False
2019-01-19,75,False
2019-01-20,71,False
2019-01-21,76,False
2019-01-22,76,False
2019-01-23,77,False
2019-01-24,77,False
2019-01-25,74,False
2019-01-26,68,False
2019-01-27,70,False
2019-01-28,83,False
2019-01-29,79,False
2019-01-30,76,False
2019-01-31,73,False
2019-02-01,72,False
2019-02-02,68,False
2019-02-03,67,False
2019-02-04,75,False
2019-02-05,91,False
2019-02-06,85,False
2019-02-07,83,False
2019-02-08,85,False
2019-02-09,79,False
2019-02-10,75,False
2019-02-11,78,False
2019-02-12,76,False
2019-02-13,75,False
2019-02-14,74,False
2019-02-15,72,False
2019-02-16,65,False
2019-02-17,67,False
2019-02-18,85,False
2019-02-19,93,False
2019-02-20,85,False
2019-02-21,82,False
2019-02-22,80,False
2019-02-23,85,False
2019-02-24,95,False
2019-02-25,86,False
2019-02-26,77,False
2019-02-27,74,False
2019-02-28,74,False
2019-03-01,71,False
2019-03-02,64,False
2019-03-03,68,False
2019-03-04,73,False
2019-03-05,75,False
2019-03-06,75,False
2019-03-07,76,False
2019-03-08,72,False
2019-03-09,74,False
2019-03-10,69,False
2019-03-11,72,False
2019-03-12,73,False
2019-03-13,70,False
2019-03-14,68,False
2019-03-15,69,False
2019-03-16,71,False
2019-03-17,66,False
2019-03-18,73,False
2019-03-19,75,False
2019-03-20,77,False
2019-03-21,77,False
2019-03-22,75,False
2019-03-23,70,False
2019-03-24,62,False
2019-03-25,70,False
2019-03-26,68,False
2019-03-27,24,False
2019-03-28,22,False
2019-03-29,23,False
2019-03-30,21,False
2019-03-31,20,False
2019-04-01,23,False
2019-04-02,59,False
2019-04-03,63,False
2019-04-04,45,False
2019-04-05,32,False
2019-04-06,29,False
2019-04-07,29,False
2019-04-08,35,False
2019-04-09,31,False
2019-04-10,31,False
2019-04-11,31,False
2019-04-12,29,False
2019-04-13,25,False
2019-04-14,24,False
2019-04-15,27,False
2019-04-16,27,False
2019-04-17,28,False
2019-04-18,28,False
2019-04-19,26,False
2019-04-20,26,False
2019-04-21,25,False
2019-04-22,26,False
2019-04-23,36,False
2019-04-24,31,False
2019-04-25,29,False
2019-04-26,29,False
2019-04-27,24,False
2019-04-28,23,False
2019-04-29,24,False
2019-04-30,25,False
2019-05-01,25,False
2019-05-02,26,False
2019-05-03,32,False
2019-05-04,28,False
2019-05-05,28,False
2019-05-06,28,False
2019-05-07,34,False
2019-05-08,34,False
2019-05-09,39,False
2019-05-10,44,False
2019-05-11,59,False
2019-05-12,64,False
2019-05-13,75,False
2019-05-14,85,False
2019-05-15,70,False
2019-05-16,63,False
2019-05-17,65,False
2019-05-18,42,False
2019-05-19,51,False
2019-05-20,52,False
2019-05-21,51,False
2019-05-22,47,False
2019-05-23,42,False
2019-05-24,40,False
2019-05-25,34,False
2019-05-26,37,False
2019-05-27,62,False
2019-05-28,53,False
2019-05-29,51,False
2019-05-30,53,False
2019-05-31,50,False
2019-06-01,36,False
2019-06-02,36,False
2019-06-03,41,False
2019-06-04,51,False
2019-06-05,41,False
2019-06-06,38,False
2019-06-07,40,False
2019-06-08,29,False
2019-06-09,29,False
2019-06-10,34,False
2019-06-11,35,False
2019-06-12,36,False
2019-06-13,33,False
2019-06-14,37,False
2019-06-15,35,False
2019-06-16,48,False
2019-06-17,54,False
2019-06-18,54,False
2019-06-19,47,False
2019-06-20,48,False
2019-06-21,62,False
2019-06-22,100,False
2019-06-23,70,False
2019-06-24,72,False
2019-06-25,79,False
2019-06-26,100,False
2019-06-27,84,False
2019-06-28,64,False
2019-06-29,47,False
2019-06-30,41,False
2019-07-01,50,False
2019-07-02,48,False
2019-07-03,44,False
2019-07-04,42,False
2019-07-05,38,False
2019-07-06,29,False
2019-07-07,28,False
2019-07-08,38,False
2019-07-09,46,False
2019-07-10,48,False
2019-07-11,44,False
2019-07-12,42,False
2019-07-13,31,False
2019-07-14,34,False
2019-07-15,45,False
2019-07-16,46,False
2019-07-17,46,False
2019-07-18,42,False
2019-07-19,35,False
2019-07-20,28,False
2019-07-21,26,False
2019-07-22,31,False
2019-07-23,33,False
2019-07-24,35,False
2019-07-25,32,False
2019-07-26,26,False
2019-07-27,27,False
2019-07-28,24,False
2019-07-29,28,False
2019-07-30,29,False
2019-07-31,28,False
2019-08-01,28,False
2019-08-02,31,False
2019-08-03,25,False
2019-08-04,25,False
2019-08-05,43,False
2019-08-06,45,False
2019-08-07,38,False
2019-08-08,35,False
2019-08-09,32,False
2019-08-10,26,False
2019-08-11,24,False
2019-08-12,30,False
2019-08-13,31,False
2019-08-14,35,False
2019-08-15,38,False
2019-08-16,31,False
2019-08-17,24,False
2019-08-18,23,False
2019-08-19,29,False
2019-08-20,29,False
2019-08-21,31,False
2019-08-22,29,False
2019-08-23,26,False
2019-08-24,22,False
2019-08-25,22,False
2019-08-26,24,False
2019-08-27,26,False
2019-08-28,27,False
2019-08-29,31,False
2019-08-30,24,False
2019-08-31,20,False
2019-09-01,20,False
2019-09-02,25,False
2019-09-03,31,False
2019-09-04,27,False
2019-09-05,24,False
2019-09-06,24,False
2019-09-07,20,False
2019-09-08,20,False
2019-09-09,22,False
2019-09-10,21,False
2019-09-11,22,False
2019-09-12,22,False
2019-09-13,20,False
2019-09-14,19,False
2019-09-15,19,False
2019-09-16,20,False
2019-09-17,20,False
2019-09-18,20,False
2019-09-19,21,False
2019-09-20,20,False
2019-09-21,18,False
2019-09-22,18,False
2019-09-23,21,False
2019-09-24,33,False
2019-09-25,97,False
2019-09-26,91,False
2019-09-27,75,False
2019-09-28,55,False
2019-09-29,51,False
2019-09-30,65,False
2019-10-01,60,False
2019-10-02,56,False
2019-10-03,55,False
2019-10-04,50,False
2019-10-05,47,False
2019-10-06,47,False
2019-10-07,53,False
2019-10-08,51,False
2019-10-09,55,False
2019-10-10,51,False
2019-10-11,49,False
2019-10-12,44,False
2019-10-13,44,False
2019-10-14,47,False
2019-10-15,50,False
2019-10-16,51,False
2019-10-17,48,False
2019-10-18,47,False
2019-10-19,45,False
2019-10-20,44,False
2019-10-21,48,False
2019-10-22,46,False
2019-10-23,67,False
2019-10-24,59,False
2019-10-25,65,False
2019-10-26,100,False
2019-10-27,62,False
2019-10-28,74,False
2019-10-29,66,False
2019-10-30,57,False
2019-10-31,54,False
2019-11-01,51,False
2019-11-02,46,False
2019-11-03,46,False
2019-11-04,53,False
2019-11-05,53,False
2019-11-06,51,False
2019-11-07,48,False
2019-11-08,51,False
2019-11-09,46,False
2019-11-10,45,False
2019-11-11,48,False
2019-11-12,46,False
2019-11-13,47,False
2019-11-14,45,False
2019-11-15,45,False
2019-11-16,43,False
2019-11-17,44,False
2019-11-18,47,False
2019-11-19,51,False
2019-11-20,48,False
2019-11-21,60,False
2019-11-22,76,False
2019-11-23,52,False
2019-11-24,50,False
2019-11-25,76,False
2019-11-26,65,False
2019-11-27,59,False
2019-11-28,53,False
2019-11-29,48,False
2019-11-30,46,False
2019-12-01,46,False
2019-12-02,48,False
2019-12-03,46,False
2019-12-04,49,False
2019-12-05,47,False
2019-12-06,45,False
2019-12-07,43,False
2019-12-08,42,False
2019-12-09,44,False
2019-12-10,45,False
2019-12-11,46,False
2019-12-12,44,False
2019-12-13,45,False
2019-12-14,45,False
2019-12-15,42,False
2019-12-16,46,False
2019-12-17,57,False
2019-12-18,59,False
2019-12-19,55,False
2019-12-20,48,False
2019-12-21,44,False
2019-12-22,44,False
2019-12-23,51,False
2019-12-24,47,False
2019-12-25,21,False
2019-12-26,21,False
2019-12-27,21,False
2019-12-28,21,False
2019-12-29,21,False
2019-12-30,20,False
2019-12-31,21,False
2020-01-01,21,False
2020-01-02,22,False
2020-01-03,25,False
2020-01-04,22,False
2020-01-05,22,False
2020-01-06,25,False
2020-01-07,34,False
2020-01-08,38,False
2020-01-09,27,False
2020-01-10,26,False
2020-01-11,23,False
2020-01-12,22,False
2020-01-13,23,False
2020-01-14,38,False
2020-01-15,36,False
2020-01-16,29,False
2020-01-17,29,False
2020-01-18,26,False
2020-01-19,29,False
2020-01-20,27,False
2020-01-21,26,False
2020-01-22,24,False
2020-01-23,24,False
2020-01-24,23,False
2020-01-25,21,False
2020-01-26,20,False
2020-01-27,26,False
2020-01-28,31,False
2020-01-29,32,False
2020-01-30,33,False
2020-01-31,29,False
2020-02-01,24,False
2020-02-02,24,False
2020-02-03,25,False
2020-02-04,27,False
2020-02-05,31,False
2020-02-06,34,False
2020-02-07,29,False
2020-02-08,26,False
2020-02-09,40,False
2020-02-10,35,False
2020-02-11,37,False
2020-02-12,41,False
2020-02-13,37,False
2020-02-14,30,False
2020-02-15,28,False
2020-02-16,27,False
2020-02-17,32,False
2020-02-18,31,False
2020-02-19,33,False
2020-02-20,32,False
2020-02-21,28,False
2020-02-22,23,False
2020-02-23,24,False
2020-02-24,30,False
2020-02-25,29,False
2020-02-26,36,False
2020-02-27,34,False
2020-02-28,35,False
2020-02-29,26,False
2020-03-01,25,False
2020-03-02,29,False
2020-03-03,27,False
2020-03-04,28,False
2020-03-05,30,False
2020-03-06,29,False
2020-03-07,23,False
2020-03-08,26,False
2020-03-09,52,False
2020-03-10,40,False
2020-03-11,34,False
2020-03-12,74,False
2020-03-13,100,False
2020-03-14,65,False
2020-03-15,55,False
2020-03-16,72,False
2020-03-17,60,False
2020-03-18,56,False
2020-03-19,60,False
2020-03-20,59,False
2020-03-21,51,False
2020-03-22,44,False
2020-03-23,49,False
2020-03-24,49,False
2020-03-25,48,False
2020-03-26,44,False
2020-03-27,42,False
2020-03-28,44,False
2020-03-29,41,False
2020-03-30,43,False
2020-03-31,40,False
2020-04-01,37,False
2020-04-02,46,False
2020-04-03,41,False
2020-04-04,37,False
2020-04-05,34,False
2020-04-06,46,False
2020-04-07,47,False
2020-04-08,41,False
2020-04-09,40,False
2020-04-10,43,False
2020-04-11,40,False
2020-04-12,37,False
2020-04-13,42,False
2020-04-14,40,False
2020-04-15,39,False
2020-04-16,43,False
2020-04-17,39,False
2020-04-18,36,False
2020-04-19,36,False
2020-04-20,39,False
2020-04-21,38,False
2020-04-22,37,False
2020-04-23,43,False
2020-04-24,44,False
2020-04-25,40,False
2020-04-26,41,False
2020-04-27,43,False
2020-04-28,41,False
2020-04-29,63,False
2020-04-30,74,False
2020-05-01,54,False
2020-05-02,51,False
2020-05-03,51,False
2020-05-04,48,False
2020-05-05,49,False
2020-05-06,55,False
2020-05-07,68,False
2020-05-08,75,False
2020-05-09,66,False
2020-05-10,84,False
2020-05-11,100,False
2020-05-12,73,False
2020-05-13,62,False
2020-05-14,64,False
2020-05-15,55,False
2020-05-16,48,False
2020-05-17,50,False
2020-05-18,50,False
2020-05-19,46,False
2020-05-20,45,False
2020-05-21,49,False
2020-05-22,45,False
2020-05-23,39,False
2020-05-24,40,False
2020-05-25,46,False
2020-05-26,42,False
2020-05-27,41,False
2020-05-28,40,False
2020-05-29,39,False
2020-05-30,35,False
2020-05-31,36,False
2020-06-01,37,False
2020-06-02,53,False
2020-06-03,42,False
2020-06-04,39,False
2020-06-05,38,False
2020-06-06,32,False
2020-06-07,33,False
2020-06-08,37,False
2020-06-09,37,False
2020-06-10,37,False
2020-06-11,40,False
2020-06-12,37,False
2020-06-13,29,False
2020-06-14,28,False
2020-06-15,37,False
2020-06-16,36,False
2020-06-17,33,False
2020-06-18,31,False
2020-06-19,30,False
2020-06-20,26,False
2020-06-21,25,False
2020-06-22,33,False
2020-06-23,33,False
2020-06-24,47,False
2020-06-25,46,False
2020-06-26,45,False
2020-06-27,41,False
2020-06-28,45,False
2020-06-29,45,False
2020-06-30,44,False
2020-07-01,42,False
2020-07-02,43,False
2020-07-03,39,False
2020-07-04,36,False
2020-07-05,38,False
2020-07-06,43,False
2020-07-07,42,False
2020-07-08,46,False
2020-07-09,44,False
2020-07-10,40,False
2020-07-11,38,False
2020-07-12,38,False
2020-07-13,41,False
2020-07-14,46,False
2020-07-15,55,False
2020-07-16,68,False
2020-07-17,46,False
2020-07-18,68,False
2020-07-19,39,False
2020-07-20,37,False
2020-07-21,43,False
2020-07-22,42,False
2020-07-23,50,False
2020-07-24,46,False
2020-07-25,47,False
2020-07-26,60,False
2020-07-27,93,False
2020-07-28,100,False
2020-07-29,78,False
2020-07-30,70,False
2020-07-31,72,False
2020-08-01,89,False
2020-08-02,88,False
2020-08-03,73,False
2020-08-04,66,False
2020-08-05,71,False
2020-08-06,77,False
2020-08-07,68,False
2020-08-08,59,False
2020-08-09,56,False
2020-08-10,72,False
2020-08-11,70,False
2020-08-12,65,False
2020-08-13,61,False
2020-08-14,62,False
2020-08-15,57,False
2020-08-16,57,False
2020-08-17,74,False
2020-08-18,71,False
2020-08-19,64,False
2020-08-20,60,False
2020-08-21,53,False
2020-08-22,50,False
2020-08-23,46,False
2020-08-24,56,False
2020-08-25,58,False
2020-08-26,52,False
2020-08-27,50,False
2020-08-28,48,False
2020-08-29,39,False
2020-08-30,44,False
2020-08-31,47,False
2020-09-01,55,False
2020-09-02,56,False
2020-09-03,63,False
2020-09-04,68,False
2020-09-05,58,False
2020-09-06,53,False
2020-09-07,54,False
2020-09-08,54,False
2020-09-09,49,False
2020-09-10,45,False
2020-09-11,43,False
2020-09-12,39,False
2020-09-13,39,False
2020-09-14,45,False
2020-09-15,46,False
2020-09-16,46,False
2020-09-17,43,False
2020-09-18,40,False
2020-09-19,36,False
2020-09-20,37,False
2020-09-21,44,False
2020-09-22,41,False
2020-09-23,16,False
2020-09-24,15,False
2020-09-25,15,False
2020-09-26,14,False
2020-09-27,14,False
2020-09-28,15,False
2020-09-29,15,False
2020-09-30,14,False
2020-10-01,14,False
2020-10-02,15,False
2020-10-03,13,False
2020-10-04,13,False
2020-10-05,15,False
2020-10-06,14,False
2020-10-07,14,False
2020-10-08,15,False
2020-10-09,15,False
2020-10-10,16,False
2020-10-11,15,False
2020-10-12,16,False
2020-10-13,16,False
2020-10-14,16,False
2020-10-15,16,False
2020-10-16,15,False
2020-10-17,14,False
2020-10-18,14,False
2020-10-19,16,False
2020-10-20,20,False
2020-10-21,33,False
2020-10-22,35,False
2020-10-23,28,False
2020-10-24,22,False
2020-10-25,22,False
2020-10-26,26,False
2020-10-27,29,False
2020-10-28,31,False
2020-10-29,26,False
2020-10-30,25,False
2020-10-31,26,False
2020-11-01,24,False
2020-11-02,26,False
2020-11-03,23,False
2020-11-04,24,False
2020-11-05,36,False
2020-11-06,41,False
2020-11-07,31,False
2020-11-08,29,False
2020-11-09,32,False
2020-11-10,27,False
2020-11-11,28,False
2020-11-12,33,False
2020-11-13,35,False
2020-11-14,29,False
2020-11-15,25,False
2020-11-16,34,False
2020-11-17,46,False
2020-11-18,56,False
2020-11-19,45,False
2020-11-20,48,False
2020-11-21,47,False
2020-11-22,41,False
2020-11-23,43,False
2020-11-24,58,False
2020-11-25,53,False
2020-11-26,60,False
2020-11-27,44,False
2020-11-28,37,False
2020-11-29,35,False
2020-11-30,50,False
2020-12-01,52,False
2020-12-02,42,False
2020-12-03,38,False
2020-12-04,38,False
2020-12-05,34,False
2020-12-06,32,False
2020-12-07,34,False
2020-12-08,32,False
2020-12-09,35,False
2020-12-10,31,False
2020-12-11,33,False
2020-12-12,29,False
2020-12-13,30,False
2020-12-14,31,False
2020-12-15,32,False
2020-12-16,61,False
2020-12-17,100,False
2020-12-18,66,False
2020-12-19,56,False
2020-12-20,56,False
2020-12-21,62,False
2020-12-22,52,False
2020-12-23,25,False
2020-12-24,22,False
2020-12-25,25,False
2020-12-26,37,False
2020-12-27,49,False
2020-12-28,38,False
2020-12-29,33,False
2020-12-30,39,False
2020-12-31,39,False
2021-01-01,37,False
2021-01-02,66,False
2021-01-03,77,False
2021-01-04,65,False
2021-01-05,53,False
2021-01-06,59,False
2021-01-07,84,False
2021-01-08,85,False
2021-01-09,67,False
2021-01-10,65,False
2021-01-11,100,False
2021-01-12,71,False
2021-01-13,63,False
2021-01-14,64,False
2021-01-15,56,False
2021-01-16,48,False
2021-01-17,43,False
2021-01-18,41,False
2021-01-19,40,False
2021-01-20,38,False
2021-01-21,47,False
2021-01-22,51,False
2021-01-23,38,False
2021-01-24,34,False
2021-01-25,36,False
2021-01-26,33,False
2021-01-27,37,False
2021-01-28,37,False
2021-01-29,60,False
2021-01-30,42,False
2021-01-31,36,False
2021-02-01,36,False
2021-02-02,33,False
2021-02-03,35,False
2021-02-04,37,False
2021-02-05,34,False
2021-02-06,40,False
2021-02-07,36,False
2021-02-08,78,False
2021-02-09,95,False
2021-02-10,63,False
2021-02-11,57,False
2021-02-12,55,False
2021-02-13,45,False
2021-02-14,51,False
2021-02-15,51,False
2021-02-16,57,False
2021-02-17,65,False
2021-02-18,57,False
2021-02-19,64,False
2021-02-20,72,False
2021-02-21,64,False
2021-02-22,74,False
2021-02-23,91,False
2021-02-24,69,False
2021-02-25,56,False
2021-02-26,57,False
2021-02-27,45,False
2021-02-28,52,False
2021-03-01,50,False
2021-03-02,45,False
2021-03-03,43,False
2021-03-04,41,False
2021-03-05,38,False
2021-03-06,35,False
2021-03-07,36,False
2021-03-08,38,False
2021-03-09,46,False
2021-03-10,44,False
2021-03-11,42,False
2021-03-12,41,False
2021-03-13,54,False
2021-03-14,51,False
2021-03-15,45,False
2021-03-16,44,False
2021-03-17,42,False
2021-03-18,41,False
2021-03-19,38,False
2021-03-20,34,False
2021-03-21,35,False
2021-03-22,38,False
2021-03-23,37,False
2021-03-24,33,False
2021-03-25,35,False
2021-03-26,28,False
2021-03-27,27,False
2021-03-28,25,False
2021-03-29,28,False
2021-03-30,30,False
2021-03-31,29,False
2021-04-01,31,False
2021-04-02,28,False
2021-04-03,26,False
2021-04-04,25,False
2021-04-05,27,False
2021-04-06,26,False
2021-04-07,26,False
2021-04-08,24,False
2021-04-09,22,False
2021-04-10,27,False
2021-04-11,26,False
2021-04-12,27,False
2021-04-13,36,False
2021-04-14,40,False
2021-04-15,33,False
2021-04-16,36,False
2021-04-17,29,False
2021-04-18,53,False
2021-04-19,43,False
2021-04-20,38,False
2021-04-21,31,False
2021-04-22,36,False
2021-04-23,56,False
2021-04-24,39,False
2021-04-25,34,False
2021-04-26,37,False
2021-04-27,33,False
2021-04-28,31,False
2021-04-29,28,False
2021-04-30,27,False
2021-05-01,27,False
2021-05-02,25,False
2021-05-03,28,False
2021-05-04,28,False
2021-05-05,28,False
2021-05-06,27,False
2021-05-07,26,False
2021-05-08,26,False
2021-05-09,27,False
2021-05-10,28,False
2021-05-11,27,False
2021-05-12,28,False
2021-05-13,68,False
2021-05-14,42,False
2021-05-15,33,False
2021-05-16,36,False
2021-05-17,53,False
2021-05-18,40,False
2021-05-19,100,False
2021-05-20,79,False
2021-05-21,59,False
2021-05-22,52,False
2021-05-23,61,False
2021-05-24,56,False
2021-05-25,45,False
2021-05-26,39,False
2021-05-27,35,False
2021-05-28,35,False
2021-05-29,35,False
2021-05-30,33,False
2021-05-31,32,False
2021-06-01,31,False
2021-06-02,30,False
2021-06-03,30,False
2021-06-04,34,False
2021-06-05,30,False
2021-06-06,32,False
2021-06-07,30,False
2021-06-08,41,False
2021-06-09,37,False
2021-06-10,33,False
2021-06-11,29,False
2021-06-12,24,False
2021-06-13,25,False
2021-06-14,32,False
2021-06-15,26,False
2021-06-16,25,False
2021-06-17,22,False
2021-06-18,22,False
2021-06-19,21,False
2021-06-20,23,False
2021-06-21,33,False
2021-06-22,44,False
2021-06-23,91,False
2021-06-24,78,False
2021-06-25,76,False
2021-06-26,73,False
2021-06-27,67,False
2021-06-28,71,False
2021-06-29,72,False
2021-06-30,63,False
2021-07-01,59,False
2021-07-02,57,False
2021-07-03,55,False
2021-07-04,58,False
2021-07-05,58,False
2021-07-06,53,False
2021-07-07,49,False
2021-07-08,56,False
2021-07-09,51,False
2021-07-10,45,False
2021-07-11,45,False
2021-07-12,49,False
2021-07-13,49,False
2021-07-14,52,False
2021-07-15,51,False
2021-07-16,52,False
2021-07-17,47,False
2021-07-18,48,False
2021-07-19,59,False
2021-07-20,74,False
2021-07-21,69,False
2021-07-22,61,False
2021-07-23,53,False
2021-07-24,53,False
2021-07-25,55,False
2021-07-26,100,False
2021-07-27,71,False
2021-07-28,69,False
2021-07-29,59,False
2021-07-30,59,False
2021-07-31,59,False
2021-08-01,56,False
2021-08-02,57,False
2021-08-03,53,False
2021-08-04,52,False
2021-08-05,52,False
2021-08-06,58,False
2021-08-07,66,False
2021-08-08,64,False
2021-08-09,69,False
2021-08-10,67,False
2021-08-11,69,False
2021-08-12,67,False
2021-08-13,62,False
2021-08-14,59,False
2021-08-15,57,False
2021-08-16,60,False
2021-08-17,57,False
2021-08-18,56,False
2021-08-19,54,False
2021-08-20,60,False
2021-08-21,58,False
2021-08-22,56,False
2021-08-23,70,False
2021-08-24,62,False
2021-08-25,59,False
2021-08-26,56,False
2021-08-27,51,False
2021-08-28,48,False
2021-08-29,47,False
2021-08-30,49,False
2021-08-31,51,False
2021-09-01,48,False
2021-09-02,52,False
2021-09-03,53,False
2021-09-04,47,False
2021-09-05,48,False
2021-09-06,57,False
2021-09-07,95,False
2021-09-08,88,False
2021-09-09,64,False
2021-09-10,57,False
2021-09-11,49,False
2021-09-12,47,False
2021-09-13,55,False
2021-09-14,50,False
2021-09-15,51,False
2021-09-16,49,False
2021-09-17,45,False
2021-09-18,43,False
2021-09-19,39,False
2021-09-20,62,False
2021-09-21,65,False
2021-09-22,47,False
2021-09-23,42,False
2021-09-24,61,False
2021-09-25,45,False
2021-09-26,40,False
2021-09-27,39,False
2021-09-28,39,False
2021-09-29,38,False
2021-09-30,37,False
2021-10-01,47,False
2021-10-02,39,False
2021-10-03,37,False
2021-10-04,42,False
2021-10-05,48,False
2021-10-06,62,False
2021-10-07,52,False
2021-10-08,48,False
2021-10-09,41,False
2021-10-10,41,False
2021-10-11,52,False
2021-10-12,50,False
2021-10-13,46,False
2021-10-14,49,False
2021-10-15,69,False
2021-10-16,61,False
2021-10-17,50,False
2021-10-18,60,False
2021-10-19,70,False
2021-10-20,88,False
2021-10-21,80,False
2021-10-22,65,False
2021-10-23,50,False
2021-10-24,48,False
2021-10-25,55,False
2021-10-26,59,False
2021-10-27,63,False
2021-10-28,55,False
2021-10-29,52,False
2021-10-30,44,False
2021-10-31,43,False
2021-11-01,45,False
2021-11-02,48,False
2021-11-03,46,False
2021-11-04,46,False
2021-11-05,43,False
2021-11-06,38,False
2021-11-07,39,False
2021-11-08,56,False
2021-11-09,64,False
2021-11-10,61,False
2021-11-11,52,False
2021-11-12,49,False
2021-11-13,45,False
2021-11-14,46,False
2021-11-15,48,False
2021-11-16,62,False
2021-11-17,54,False
2021-11-18,56,False
2021-11-19,58,False
2021-11-20,46,False
2021-11-21,42,False
2021-11-22,49,False
2021-11-23,53,False
2021-11-24,52,False
2021-11-25,46,False
2021-11-26,59,False
2021-11-27,48,False
2021-11-28,45,False
2021-11-29,49,False
2021-11-30,50,False
2021-12-01,45,False
2021-12-02,43,False
2021-12-03,44,False
2021-12-04,100,False
2021-12-05,71,False
2021-12-06,69,False
2021-12-07,59,False
2021-12-08,52,False
2021-12-09,52,False
2021-12-10,50,False
2021-12-11,45,False
2021-12-12,45,False
2021-12-13,55,False
2021-12-14,56,False
2021-12-15,53,False
2021-12-16,47,False
2021-12-17,46,False
2021-12-18,43,False
2021-12-19,40,False
2021-12-20,46,False
2021-12-21,47,False
2021-12-22,43,False
2021-12-23,43,False
2021-12-24,45,False
2021-12-25,41,False
2021-12-26,40,False
2021-12-27,42,False
2021-12-28,44,False
2021-12-29,43,False
2021-12-30,43,False
2021-12-31,40,False
2022-01-01,38,False
2022-01-02,38,False
2022-01-03,41,False
2022-01-04,40,False
2022-01-05,44,False
2022-01-06,66,False
2022-01-07,65,False
2022-01-08,57,False
2022-01-09,51,False
2022-01-10,56,False
2022-01-11,53,False
2022-01-12,49,False
2022-01-13,46,False
2022-01-14,44,False
2022-01-15,37,False
2022-01-16,37,False
2022-01-17,40,False
2022-01-18,43,False
2022-01-19,40,False
2022-01-20,41,False
2022-01-21,79,False
2022-01-22,100,False
2022-01-23,73,False
2022-01-24,96,False
2022-01-25,72,False
2022-01-26,67,False
2022-01-27,60,False
2022-01-28,56,False
2022-01-29,48,False
2022-01-30,45,False
2022-01-31,48,False
2022-02-01,49,False
2022-02-02,47,False
2022-02-03,47,False
2022-02-04,50,False
2022-02-05,52,False
2022-02-06,43,False
2022-02-07,54,False
2022-02-08,51,False
2022-02-09,50,False
2022-02-10,48,False
2022-02-11,44,False
2022-02-12,39,False
2022-02-13,36,False
2022-02-14,42,False
2022-02-15,43,False
2022-02-16,40,False
2022-02-17,42,False
2022-02-18,43,False
2022-02-19,38,False
2022-02-20,43,False
2022-02-21,46,False
2022-02-22,52,False
2022-02-23,44,False
2022-02-24,84,False
2022-02-25,57,False
2022-02-26,44,False
2022-02-27,44,False
2022-02-28,55,False
2022-03-01,60,False
2022-03-02,53,False
2022-03-03,47,False
2022-03-04,46,False
2022-03-05,40,False
2022-03-06,39,False
2022-03-07,46,False
2022-03-08,43,False
2022-03-09,50,False
2022-03-10,45,False
2022-03-11,41,False
2022-03-12,35,False
2022-03-13,34,False
2022-03-14,39,False
2022-03-15,37,False
2022-03-16,37,False
2022-03-17,36,False
2022-03-18,35,False
2022-03-19,34,False
2022-03-20,32,False
2022-03-21,34,False
2022-03-22,37,False
2022-03-23,50,False
2022-03-24,54,False
2022-03-25,54,False
2022-03-26,47,False
2022-03-27,49,False
2022-03-28,65,False
2022-03-29,58,False
2022-03-30,54,False
2022-03-31,52,False
2022-04-01,52,False
2022-04-02,46,False
2022-04-03,45,False
2022-04-04,48,False
2022-04-05,49,False
2022-04-06,51,False
2022-04-07,48,False
2022-04-08,46,False
2022-04-09,41,False
2022-04-10,40,False
2022-04-11,55,False
2022-04-12,51,False
2022-04-13,49,False
2022-04-14,46,False
2022-04-15,44,False
2022-04-16,38,False
2022-04-17,38,False
2022-04-18,47,False
2022-04-19,44,False
2022-04-20,42,False
2022-04-21,44,False
2022-04-22,43,False
2022-04-23,37,False
2022-04-24,36,False
2022-04-25,47,False
2022-04-26,48,False
2022-04-27,45,False
2022-04-28,44,False
2022-04-29,42,False
2022-04-30,38,False
2022-05-01,41,False
2022-05-02,43,False
2022-05-03,41,False
2022-05-04,42,False
2022-05-05,53,False
2022-05-06,54,False
2022-05-07,43,False
2022-05-08,53,False
2022-05-09,93,False
2022-05-10,95,False
2022-05-11,100,False
2022-05-12,0,True
