date,count,compound,neg,neu,pos,retweets_count,likes_count,replies_count,compound_weighted_replies,compound_weighted_likes,compound_weighted_retweets
2014-02-15,2,-0.296,0.121,0.879,0.0,52,46,4,-0.296,-0.296,-0.296
2014-04-17,1,0.0,0.0,1.0,0.0,3,11,2,0.0,0.0,0.0
2014-04-26,2,0.0,0.0,1.0,0.0,77,50,4,0.0,0.0,0.0
2014-04-27,1,0.0,0.0,1.0,0.0,12,20,0,,0.0,0.0
2014-04-29,2,0.4574,0.0,0.834,0.166,56,60,0,,0.4574,0.4574
2014-05-01,2,0.6705,0.0,0.732,0.268,30,36,0,,0.6705,0.6705
2014-05-04,2,0.5859,0.0,0.743,0.257,160,114,4,0.5859,0.5859,0.5859
2014-05-05,1,0.0,0.0,1.0,0.0,19,17,2,0.0,0.0,0.0
2014-05-16,2,0.7906,0.0,0.731,0.269,72,62,12,0.7906,0.7906,0.7906
2014-05-17,3,0.6090666666666666,0.0,0.6573333333333333,0.3426666666666667,40,81,0,,0.6316246913580247,0.41112000000000004
2014-05-18,1,0.4404,0.0,0.847,0.153,32,35,0,,0.4404,0.4404
2014-05-31,1,0.3612,0.0,0.857,0.143,22,16,4,0.3612,0.3612,0.3612
2014-06-06,1,0.802,0.0,0.709,0.291,18,20,0,,0.8019999999999999,0.802
2014-07-11,2,0.0,0.0,1.0,0.0,38,40,6,0.0,0.0,0.0
2014-07-17,1,0.0,0.0,1.0,0.0,19,16,2,0.0,0.0,0.0
2014-07-21,2,0.0,0.0,1.0,0.0,84,58,2,0.0,0.0,0.0
2014-07-24,2,-0.8313,0.386,0.614,0.0,20,30,4,-0.8313,-0.8313,-0.8313
2014-07-30,1,0.0,0.0,1.0,0.0,27,24,26,0.0,0.0,0.0
2014-08-02,2,0.0,0.0,1.0,0.0,42,44,12,0.0,0.0,0.0
2014-08-07,1,0.0,0.0,1.0,0.0,27,23,6,0.0,0.0,0.0
2014-08-08,2,0.7494,0.0,0.749,0.251,34,42,6,0.7494,0.7494,0.7494
2014-08-09,1,0.8065,0.0,0.742,0.258,23,14,0,,0.8065,0.8064999999999999
2014-09-06,2,0.5266,0.0,0.812,0.188,30,36,0,,0.5266,0.5266
2014-09-13,2,0.0,0.0,1.0,0.0,60,52,8,0.0,0.0,0.0
2014-09-23,2,0.4404,0.0,0.838,0.162,292,158,44,0.4404,0.4404,0.4404
2014-09-28,1,0.7959,0.0,0.693,0.307,8,12,0,,0.7959,0.7959
2014-10-23,5,0.0,0.0,1.0,0.0,72,88,0,,0.0,0.0
2014-11-02,2,0.4574,0.0,0.824,0.176,42,48,0,,0.4574,0.4574
2014-12-01,2,0.1027,0.0,0.935,0.065,38,38,0,,0.1027,0.1027
2014-12-16,1,0.743,0.0,0.741,0.259,105,31,122,0.743,0.743,0.743
2014-12-18,2,0.5106,0.0,0.829,0.171,46,56,2,0.5106,0.5106,0.5106
2015-01-08,2,0.4404,0.0,0.828,0.172,3774,854,2,0.4404,0.44039999999999996,0.4404
2015-01-09,1,0.3818,0.0,0.833,0.167,773,326,1,0.3818,0.3818,0.3818
2015-02-05,2,0.7096,0.0,0.704,0.296,8580,3222,8,0.7096,0.7096,0.7096
2015-02-12,3,0.2732,0.0,0.87,0.13,4919,4808,3,0.2732,0.2732,0.2732
2015-02-27,1,0.0,0.0,1.0,0.0,7,15,0,,0.0,0.0
2015-03-06,2,0.56475,0.0,0.793,0.20700000000000002,16,32,0,,0.5467125,0.4926
2015-03-11,1,0.1511,0.0,0.914,0.086,13,18,2,0.1511,0.1511,0.1511
2015-04-08,1,0.7783,0.0,0.673,0.327,1,14,0,,0.7783,0.7783
2015-04-29,1,0.7003,0.0,0.655,0.345,0,4,1,0.7003,0.7003,
2015-05-01,2,0.0,0.0,1.0,0.0,48,56,4,0.0,0.0,0.0
2015-06-05,4,0.6588,0.0,0.732,0.268,64,88,4,0.6588,0.6588,0.6588
2015-06-27,2,-0.6908,0.251,0.749,0.0,82,56,10,-0.6908,-0.6908,-0.6908
2015-07-06,1,-0.1027,0.097,0.903,0.0,21,18,0,,-0.1027,-0.10269999999999999
2015-09-12,2,0.2023,0.0,0.904,0.096,26,32,0,,0.2023,0.2023
2015-09-22,1,0.0,0.0,1.0,0.0,13,14,0,,0.0,0.0
2015-10-08,1,-0.128,0.091,0.909,0.0,15,18,0,,-0.128,-0.128
2015-12-15,2,-0.1759,0.115,0.885,0.0,26,26,0,,-0.1759,-0.1759
2015-12-16,2,-0.1759,0.115,0.885,0.0,26,26,0,,-0.1759,-0.1759
2015-12-17,2,-0.1759,0.124,0.876,0.0,28,28,0,,-0.1759,-0.1759
2015-12-20,1,0.0,0.0,1.0,0.0,9,9,1,0.0,0.0,0.0
2015-12-30,2,-0.1027,0.091,0.909,0.0,28,28,0,,-0.1027,-0.1027
2016-01-06,1,0.0,0.0,1.0,0.0,18,15,0,,0.0,0.0
2016-01-20,2,0.6937500000000001,0.029,0.7210000000000001,0.25,0,32,0,,0.6937500000000001,
2016-01-24,3,0.5719,0.0,0.802,0.19800000000000004,24,54,15,0.5718999999999999,0.5719,0.5719
2016-03-01,3,0.0,0.0,1.0,0.0,240,216,0,,0.0,0.0
2016-03-02,3,0.128,0.0,0.8969999999999999,0.103,93,84,0,,0.128,0.128
2016-03-10,3,0.7845,0.0,0.635,0.365,336,168,0,,0.7845,0.7845
2016-03-21,4,0.3182,0.0,0.85,0.15,116,76,0,,0.3182,0.3182
2016-05-30,1,-0.6981,0.285,0.715,0.0,21,20,0,,-0.6981,-0.6981
2016-06-22,3,0.0,0.0,1.0,0.0,27,66,3,0.0,0.0,0.0
2016-07-26,3,-0.4574,0.17899999999999996,0.734,0.08700000000000001,15,45,6,-0.4574,-0.4574,-0.4574
2016-08-17,2,0.0,0.0,1.0,0.0,34,46,4,0.0,0.0,0.0
2016-09-29,1,0.0,0.0,1.0,0.0,25,24,0,,0.0,0.0
2016-11-06,3,0.7096,0.0,0.718,0.282,5610,1434,6,0.7096,0.7096,0.7096
2016-12-23,1,0.0,0.0,1.0,0.0,8,17,4,0.0,0.0,0.0
2017-01-28,3,-0.3089,0.224,0.641,0.135,54,120,9,-0.3089,-0.3089,-0.30889999999999995
2017-04-29,6,0.5417,0.073,0.709,0.218,2819,2527,0,,0.5417,0.5417
2017-05-02,11,0.5416999999999998,0.07299999999999998,0.7089999999999997,0.218,2538,2402,12,0.5417,0.5417,0.5417000000000001
2017-05-20,1,0.9087,0.0,0.743,0.257,17,27,7,0.9087,0.9087000000000001,0.9087
2017-06-04,3,0.0,0.0,1.0,0.0,45,132,30,0.0,0.0,0.0
2017-06-06,2,0.743,0.0,0.657,0.343,16,36,2,0.743,0.743,0.743
2017-06-17,4,0.3382,0.0,0.8765000000000001,0.1235,780,528,20,0.3382,0.33819999999999995,0.3382
2017-06-18,3,0.6369,0.0,0.828,0.17200000000000001,51,111,30,0.6369,0.6368999999999999,0.6369
2017-06-21,1,0.0,0.0,1.0,0.0,14,28,4,0.0,0.0,0.0
2017-06-25,1,-0.1027,0.076,0.924,0.0,102,85,0,,-0.1027,-0.1027
2017-06-30,1,0.5106,0.0,0.864,0.136,81,43,30,0.5106,0.5106,0.5106
2017-07-03,3,0.7963999999999999,0.0,0.647,0.353,72,33,12,0.7963999999999999,0.7964000000000001,0.7963999999999999
2017-07-17,3,0.0,0.0,1.0,0.0,9,72,0,,0.0,0.0
2017-08-01,1,-0.4019,0.114,0.886,0.0,74,133,8,-0.4019,-0.4019,-0.4019
2017-08-03,1,0.34,0.0,0.888,0.112,39,35,0,,0.34,0.34
2017-08-05,1,0.6114,0.0,0.556,0.444,2,22,0,,0.6114,0.6114
2017-08-19,4,0.6249,0.0,0.83,0.17,36,88,12,0.6249,0.6249,0.6249
2017-08-24,4,0.0,0.0,1.0,0.0,28,100,4,0.0,0.0,0.0
2017-08-31,4,-0.314675,0.17324999999999996,0.82675,0.0,692,702,1,-0.2732,-0.3143205128205128,-0.31515447976878613
2017-09-12,3,0.0,0.0,1.0,0.0,816,825,9,0.0,0.0,0.0
2017-09-25,5,0.1313,0.0,0.954,0.046,202,165,18,0.07294444444444444,0.09946969696969696,0.0715
2017-09-27,1,0.3595,0.0,0.872,0.128,36,42,0,,0.3595,0.3595
2017-10-06,3,0.466,0.0,0.868,0.132,63,90,0,,0.46599999999999997,0.4660000000000001
2017-10-16,3,0.0,0.0,1.0,0.0,111,137,12,0.0,0.0,0.0
2017-10-17,3,0.0,0.0,1.0,0.0,51,90,6,0.0,0.0,0.0
2017-11-01,1,0.5994,0.0,0.576,0.424,8,20,1,0.5994,0.5994,0.5994
2017-11-23,7,-0.24824285714285718,0.1824285714285714,0.7618571428571429,0.055714285714285716,41,157,11,-0.3755363636363638,-0.2341216560509554,-0.1799390243902439
2017-11-24,5,0.4574,0.223,0.571,0.207,624,1115,50,0.4574,0.4574,0.4574
2017-11-25,1,0.1531,0.092,0.764,0.143,5,29,3,0.1531,0.1531,0.1531
2017-11-28,1,0.877,0.0,0.728,0.272,10,23,2,0.877,0.877,0.877
2017-12-03,2,-0.2057,0.056,0.909,0.035,96,114,22,-0.20569999999999997,-0.2057,-0.2057
2017-12-04,7,0.8019142857142858,0.0,0.7832857142857144,0.21671428571428572,232,196,10,0.82864,0.7995280612244897,0.7895306034482759
2017-12-06,2,0.0,0.0,1.0,0.0,20,70,0,,0.0,0.0
2017-12-09,1,0.4497,0.0,0.933,0.067,99,147,4,0.4497,0.44969999999999993,0.4497
2017-12-12,2,0.0,0.0,1.0,0.0,24,54,6,0.0,0.0,0.0
2017-12-13,2,-0.4939,0.122,0.878,0.0,4,36,4,-0.4939,-0.4939,-0.4939
2017-12-18,1,0.0,0.0,1.0,0.0,6,59,2,0.0,0.0,0.0
2017-12-19,1,0.7717,0.033,0.792,0.175,8,30,1,0.7717,0.7717000000000002,0.7717
2017-12-21,4,0.7229249999999999,0.025,0.75875,0.21599999999999997,61,98,15,0.3985133333333334,0.6570714285714285,0.568755737704918
2017-12-22,3,0.2714,0.0,0.959,0.041,60,147,30,0.2714,0.2714,0.2714
2017-12-24,13,0.5568769230769232,0.007692307692307693,0.8686923076923077,0.1236153846153846,1196,1447,1038,0.742338535645472,0.6203105736005529,0.604541973244147
2017-12-25,10,0.8402000000000001,0.0,0.8160000000000001,0.18399999999999997,614,695,679,0.8401999999999998,0.8401999999999998,0.8402
2017-12-26,2,0.44745,0.0,0.8875,0.1125,391,554,172,0.29656569767441865,0.6994435018050542,0.849125063938619
2017-12-30,1,0.0,0.0,1.0,0.0,30,195,16,0.0,0.0,0.0
2018-01-01,6,0.7339166666666667,0.0,0.7733333333333333,0.22666666666666668,87,146,11,0.40031818181818185,0.42225342465753424,0.3036896551724138
2018-01-05,8,0.234375,0.0,0.9685000000000001,0.0315,537,516,683,0.6204245973645681,0.5220445736434108,0.5027932960893855
2018-01-06,10,-0.15736,0.10840000000000001,0.8128,0.0784,214,436,102,-0.25745098039215686,-0.2147908256880734,-0.0712373831775701
2018-01-07,20,0.26382,0.0078,0.9292999999999999,0.0628,931,2548,247,0.4634105263157895,0.38075435635792776,0.42250569280343725
2018-01-08,2,0.6249,0.0,0.683,0.317,136,194,16,0.6249,0.6249,0.6249
2018-01-09,11,0.5117636363636363,0.01909090909090909,0.8321818181818181,0.14872727272727274,984,1698,361,0.650318005540166,0.6141929328621908,0.6738156504065043
2018-01-10,6,0.47526666666666667,0.034999999999999996,0.8566666666666668,0.10833333333333332,832,1808,270,0.545074074074074,0.5382931415929203,0.5424730769230769
2018-01-11,11,-0.13994545454545457,0.09854545454545455,0.8396363636363637,0.061454545454545456,150,420,56,-0.48581428571428564,-0.1716666666666666,-0.16706399999999996
2018-01-12,3,0.47669999999999996,0.0,0.9330000000000002,0.067,24,84,18,0.4767,0.4767,0.47669999999999996
2018-01-15,1,0.5158,0.0,0.939,0.061,31,50,5,0.5158,0.5158,0.5158
2018-01-16,8,0.0426625,0.07125000000000001,0.868,0.06075,345,535,68,0.05063676470588236,-0.058550841121495306,-0.16813999999999996
2018-01-18,2,0.508,0.109,0.724,0.168,34,87,14,0.508,0.508,0.508
2018-01-19,4,0.0,0.0,1.0,0.0,280,820,268,0.0,0.0,0.0
2018-01-20,1,0.0,0.058,0.884,0.058,53,76,0,,0.0,0.0
2018-01-21,18,0.39464444444444446,0.0,0.903111111111111,0.09688888888888887,1260,3710,624,0.2738006410256411,0.28275137466307276,0.3408784126984127
2018-01-22,3,0.765,0.052,0.733,0.216,27,64,9,0.765,0.7650000000000001,0.765
2018-01-23,3,0.0,0.0,1.0,0.0,181,576,99,0.0,0.0,0.0
2018-01-24,9,0.1956,0.033777777777777775,0.911111111111111,0.05511111111111111,78,190,114,0.13610526315789476,0.15449263157894738,0.08135384615384614
2018-01-25,9,0.4798777777777778,0.0,0.8775555555555555,0.12244444444444445,544,821,206,0.5908776699029126,0.5507560292326431,0.5852474264705884
2018-01-27,4,0.0,0.0,1.0,0.0,76,168,32,0.0,0.0,0.0
2018-01-28,2,-0.4019,0.065,0.935,0.0,8,74,18,-0.4019,-0.4019,-0.4019
2018-01-29,4,0.25,0.0,0.961,0.039,84,264,24,0.25,0.25,0.25
2018-01-30,6,0.5779,0.051,0.664,0.28500000000000003,583,818,659,0.961599544764795,0.8010149144254278,0.9261161234991424
2018-02-02,8,0.628,0.0,0.82525,0.17475,570,410,47,0.6978723404255318,0.669619512195122,0.8034975438596491
2018-02-03,12,0.8864,0.0,0.7590000000000002,0.24100000000000008,1336,943,204,0.8863999999999999,0.8863999999999999,0.8864
2018-02-04,6,0.8864,0.0,0.7640000000000001,0.236,804,556,150,0.8864000000000001,0.8864000000000002,0.8864000000000001
2018-02-05,6,0.5632333333333334,0.0,0.8566666666666668,0.1433333333333333,152,240,192,0.6814083333333333,0.6183816666666667,0.6461631578947369
2018-02-06,10,0.73685,0.0205,0.7975000000000001,0.18200000000000002,605,430,219,0.7578086757990867,0.7732988372093023,0.8062404958677687
2018-02-07,7,-0.1027,0.028,0.9719999999999998,0.0,84,455,28,-0.1027,-0.1027,-0.10269999999999999
2018-02-10,5,0.6988,0.0,0.8859999999999999,0.11400000000000002,165,195,185,0.6988,0.6988,0.6988
2018-02-11,3,-0.36800000000000005,0.067,0.902,0.031,111,109,213,-0.368,-0.36799999999999994,-0.368
2018-02-12,15,0.46746000000000004,0.0,0.8970000000000001,0.10300000000000002,2697,3093,4519,0.736786324408055,0.5929149369544132,0.6075310344827588
2018-02-14,5,0.5648,0.061,0.799,0.14,255,249,294,0.5648,0.5648,0.5648
2018-02-16,12,0.1945083333333334,0.024999999999999998,0.8756666666666666,0.09933333333333333,1047,967,361,0.020569806094182814,0.4214551189245089,0.4153662846227315
2018-02-17,1,0.8309,0.0,0.785,0.215,74,73,85,0.8309,0.8309,0.8309
2018-02-18,4,-0.254,0.131,0.78,0.089,232,193,372,-0.254,-0.254,-0.254
2018-02-19,2,0.6808,0.0,0.752,0.248,42,89,10,0.6808,0.6808,0.6808
2018-02-20,1,0.9708,0.0,0.69,0.31,17,54,0,,0.9708,0.9707999999999999
2018-02-21,4,-0.7118,0.141,0.859,0.0,250,220,380,-0.7118,-0.7118,-0.7118
2018-02-22,1,0.5859,0.0,0.703,0.297,15,26,3,0.5859,0.5859,0.5859
2018-02-23,8,0.34835000000000005,0.0955,0.6895000000000001,0.21450000000000002,332,323,372,-0.1611032258064516,0.16210990712074308,0.14310662650602413
2018-02-24,3,-0.08736666666666666,0.05933333333333333,0.852,0.08866666666666667,27,67,7,-0.3473285714285715,-0.1552671641791045,-0.39065555555555553
2018-02-25,1,0.0,0.0,1.0,0.0,12,46,6,0.0,0.0,0.0
2018-02-27,7,0.7645285714285714,0.0,0.8181428571428572,0.18185714285714286,709,951,528,0.764875,0.7644089379600421,0.7647533145275035
2018-02-28,2,0.4767,0.0,0.886,0.114,367,441,410,0.4767,0.4767,0.4767
2018-03-01,9,0.7289666666666667,0.0,0.8404444444444444,0.15955555555555556,493,1290,132,0.8362318181818181,0.6277288372093023,0.642110953346856
2018-03-02,8,0.2007,0.051750000000000004,0.8707500000000001,0.0775,408,459,399,-0.21781503759398488,0.3537773420479303,0.23648431372549025
2018-03-03,4,0.8472,0.0,0.837,0.163,1064,1316,288,0.8472,0.8472,0.8472
2018-03-07,7,0.05654285714285716,0.077,0.8264285714285714,0.09657142857142856,297,478,298,-0.2588630872483222,0.22864225941422595,-0.07682053872053869
2018-03-09,4,0.8353,0.0,0.841,0.159,1351,1715,348,0.8353000000000002,0.8352999999999999,0.8353000000000002
2018-03-10,10,0.65088,0.026000000000000002,0.7829,0.1911,262,296,27,0.7629629629629632,0.461710472972973,0.5902393129770993
2018-03-11,6,-0.010433333333333331,0.08533333333333333,0.8076666666666669,0.10633333333333334,352,486,340,-0.15949647058823527,0.12777716049382717,-0.012405681818181812
2018-03-13,12,0.18033333333333332,0.028666666666666663,0.9089999999999999,0.062,230,542,82,0.29645853658536586,0.10676974169741697,0.19002260869565216
2018-03-15,4,0.8472,0.0,0.84,0.16,936,1148,224,0.8472,0.8472,0.8472
2018-03-16,6,0.22795,0.041,0.8995000000000001,0.06,373,569,12,0.34192500000000003,0.17306572934973638,0.09533565683646113
2018-03-17,1,-0.2593,0.058,0.847,0.095,15,57,0,,-0.2593,-0.2593
2018-03-18,5,0.5255,0.0,0.931,0.069,360,853,90,0.5255,0.5255,0.5255
2018-03-19,4,0.0,0.0,1.0,0.0,76,168,0,,0.0,0.0
2018-03-20,8,0.6445000000000001,0.014,0.8304999999999999,0.15550000000000003,1227,1627,268,0.9055253731343283,0.8085551321450524,0.8545597392013039
2018-03-21,16,0.5673000000000001,0.02275,0.8390000000000002,0.13824999999999998,1491,2031,236,0.8491118644067797,0.7162859675036927,0.7590808853118712
2018-03-22,9,0.5295555555555556,0.009333333333333334,0.8462222222222222,0.144,229,570,29,0.4409931034482758,0.36404771929824553,0.3890742358078602
2018-03-23,4,0.717,0.0,0.864,0.136,64,184,0,,0.717,0.717
2018-03-26,4,0.9001,0.0,0.8,0.2,732,1083,124,0.9001,0.9001,0.9001
2018-03-27,8,0.45025,0.0245,0.8540000000000001,0.1215,180,584,52,0.48488461538461536,0.36390068493150685,0.3001666666666667
2018-03-31,8,0.38895,0.0,0.9255000000000002,0.07450000000000001,120,292,20,0.40662000000000004,0.38531917808219174,0.38502333333333333
2018-04-01,2,0.5719,0.0,0.73,0.27,8,91,4,0.5719,0.5719,0.5719
2018-04-02,3,0.4314,0.038,0.878,0.084,6,101,15,0.4314,0.43139999999999995,0.4314
2018-04-03,7,0.0,0.0,1.0,0.0,170,321,35,0.0,0.0,0.0
2018-04-05,5,0.72778,0.0408,0.7121999999999999,0.24699999999999997,109,224,10,0.72778,0.6757000000000001,0.6016412844036698
2018-04-06,21,0.7749571428571429,0.0,0.7873333333333333,0.21266666666666664,561,1273,100,0.748728,0.7723246661429692,0.7773869875222816
2018-04-07,13,0.28572307692307697,0.0,0.9535384615384616,0.04646153846153846,139,359,21,0.353752380952381,0.34690807799442896,0.3473899280575539
2018-04-09,1,0.6808,0.0,0.817,0.183,4,45,21,0.6808,0.6808,0.6808
2018-04-10,3,0.4199,0.0,0.9419999999999998,0.058,60,216,18,0.4199,0.41990000000000005,0.4199
2018-04-11,14,0.6685142857142858,0.0,0.8262857142857144,0.17371428571428574,2615,2858,70,0.7195314285714284,0.7415111266620013,0.7371238240917781
2018-04-12,3,0.5928333333333334,0.007666666666666666,0.8356666666666667,0.15666666666666665,54,156,26,0.4755769230769232,0.5664506410256411,0.5928333333333333
2018-04-13,20,0.22099999999999995,0.0,0.9477499999999998,0.05225,824,1796,340,0.263,0.29778396436525617,0.29089805825242715
2018-04-14,3,0.0,0.0,1.0,0.0,63,162,3,0.0,0.0,0.0
2018-04-15,7,0.4215,0.0,0.928,0.072,168,326,42,0.4215,0.4215,0.4215
2018-04-16,4,0.0,0.0,1.0,0.0,549,642,40,0.0,0.0,0.0
2018-04-21,5,0.11460000000000001,0.0212,0.9301999999999999,0.0486,2322,2299,50,0.046980000000000015,-0.19114593301435406,-0.20918195521102495
2018-04-23,2,0.5756,0.0,0.868,0.132,6,90,4,0.5756,0.5756,0.5756
2018-04-24,12,0.06713333333333334,0.023333333333333334,0.9473333333333332,0.029999999999999995,3913,3834,64,0.1007,0.0980735002608242,0.09967061078456425
2018-04-25,4,0.9647,0.0,0.632,0.368,28,88,0,,0.9647000000000001,0.9647
2018-04-26,7,0.20229999999999998,0.0,0.947,0.053,594,931,231,0.20229999999999998,0.2023,0.20229999999999995
2018-04-28,12,0.7654333333333333,0.0,0.8163333333333332,0.18366666666666664,468,1084,88,0.7556727272727273,0.7934014760147601,0.7909965811965813
2018-04-29,4,0.5848,0.0,0.891,0.109,2035,1958,36,0.5848,0.5848000000000001,0.5848
2018-04-30,9,0.7147666666666666,0.0,0.8283333333333334,0.17166666666666666,3922,3985,69,0.7142565217391303,0.7168917691342533,0.7171682304946456
2018-05-01,15,0.5243333333333333,0.0,0.8672,0.1328,3971,4142,197,0.8112781725888325,0.7752043698696282,0.7901005540166206
2018-05-03,2,0.7263,0.0,0.747,0.253,61,150,16,0.7263,0.7263,0.7263
2018-05-04,4,0.7845,0.0,0.85,0.15,36,112,12,0.7845,0.7845000000000001,0.7845
2018-05-05,4,0.6892,0.0,0.904,0.096,52,116,0,,0.6892,0.6892
2018-05-06,4,0.5837,0.0,0.881,0.119,148,304,4,0.5837,0.5837,0.5837
2018-05-08,15,0.7480666666666667,0.0,0.8537333333333336,0.14626666666666668,2372,2690,557,0.7461432675044883,0.7979182156133827,0.8088137858347385
2018-05-09,3,0.9627,0.0,0.706,0.294,21,96,6,0.9627,0.9627,0.9627
2018-05-11,3,0.4926,0.056,0.8080000000000002,0.136,144,375,39,0.4925999999999999,0.4926,0.4926
2018-05-12,1,0.5106,0.0,0.914,0.086,17,30,2,0.5106,0.5106,0.5106
2018-05-15,3,-0.36210000000000003,0.08800000000000001,0.912,0.0,33,57,6,-0.36210000000000003,-0.3621,-0.3621
2018-05-16,3,0.4497,0.06899999999999999,0.7173333333333334,0.21366666666666667,273,638,89,0.5951741573033708,7.39811912225763e-05,0.6186538461538461
2018-05-17,5,0.29824,0.0,0.9,0.1,456,663,41,0.3637073170731708,0.3328772247360483,0.20602105263157894
2018-05-18,4,0.7033,0.0,0.86,0.14,36,108,12,0.7033,0.7033,0.7033
2018-05-20,6,0.28099999999999997,0.0,0.96,0.04,250,614,62,0.19035483870967743,0.36795439739413677,0.411384
2018-05-23,3,0.49510000000000004,0.039,0.8210000000000001,0.14,6,75,15,0.49509999999999993,0.4951,0.49510000000000004
2018-05-24,6,0.8268000000000001,0.0,0.814,0.18599999999999997,198,510,18,0.8268,0.8268,0.8268
2018-05-25,2,0.8928,0.0,0.75,0.25,6,54,12,0.8927999999999999,0.8928000000000001,0.8927999999999999
2018-05-29,6,0.7755,0.0,0.8100000000000002,0.18999999999999997,79,150,18,0.7754999999999999,0.7755,0.7754999999999999
2018-06-01,1,-0.2942,0.096,0.83,0.074,63,328,11,-0.2942,-0.2942,-0.2942
2018-06-03,5,0.82236,0.0224,0.7562,0.22140000000000004,87,183,9,0.7399333333333333,0.8851934426229507,0.9033655172413793
2018-06-04,1,0.5574,0.0,0.69,0.31,4,21,0,,0.5574,0.5574
2018-06-05,5,0.47539999999999993,0.0,0.8986000000000001,0.1014,61,176,33,0.4754,0.4754,0.4754
2018-06-07,4,0.9512,0.0,0.719,0.281,52,140,16,0.9512,0.9512,0.9512
2018-06-08,4,0.0,0.0,1.0,0.0,60,127,4,0.0,0.0,0.0
2018-06-11,3,0.0,0.0,1.0,0.0,91,142,21,0.0,0.0,0.0
2018-06-12,3,0.6164666666666667,0.0,0.7866666666666666,0.21333333333333335,291,162,34,0.7821764705882354,0.6490716049382715,0.9613395189003436
2018-06-13,4,0.6992499999999999,0.0,0.8554999999999999,0.14450000000000002,106,138,4,0.6992499999999999,0.6549724637681159,0.646311320754717
2018-06-14,1,-0.5848,0.124,0.876,0.0,1,14,4,-0.5848,-0.5848000000000001,-0.5848
2018-06-16,5,-0.296,0.081,0.9190000000000002,0.0,50,175,15,-0.296,-0.296,-0.29600000000000004
2018-06-17,2,0.57555,0.0,0.8734999999999999,0.1265,13,44,4,0.5262,0.5531181818181818,0.5413846153846154
2018-06-18,2,0.8355,0.0,0.806,0.194,70,80,14,0.8355,0.8355,0.8355
2018-06-24,4,0.823,0.0,0.793,0.207,60,188,0,,0.823,0.823
2018-06-25,6,0.07630000000000002,0.05266666666666667,0.9090000000000001,0.03833333333333334,84,197,6,0.07630000000000002,0.036864467005076125,-0.051757142857142856
2018-06-26,3,0.0,0.0,1.0,0.0,63,84,9,0.0,0.0,0.0
2018-06-28,4,0.212825,0.0,0.9490000000000001,0.051,292,510,30,0.5959099999999999,0.37056588235294113,0.16909383561643834
2018-07-01,3,0.92,0.0,0.758,0.242,24,75,15,0.92,0.92,0.92
2018-07-15,4,0.5488,0.0,0.8845000000000001,0.1155,14,126,5,0.5410999999999999,0.5477,0.5652999999999999
2018-07-16,2,0.0,0.0,1.0,0.0,1503,861,372,0.0,0.0,0.0
2018-07-17,4,-0.05670000000000003,0.0855,0.8575,0.057,50,176,28,-0.3299571428571429,-0.2305909090909091,-0.267108
2018-07-21,1,0.865,0.0,0.801,0.199,10,27,4,0.865,0.865,0.865
2018-07-22,9,0.23416666666666666,0.0,0.9688888888888888,0.031111111111111114,99,249,20,0.4215,0.21159638554216867,0.23416666666666663
2018-07-23,1,0.5093,0.0,0.904,0.096,11,39,0,,0.5093,0.5093
2018-07-28,3,0.4575666666666667,0.007666666666666666,0.918,0.074,88,287,16,0.1779,0.22467351916376307,0.282775
2018-07-29,1,0.0,0.0,1.0,0.0,3,42,12,0.0,0.0,0.0
2018-07-30,2,0.0,0.0,1.0,0.0,24,62,6,0.0,0.0,0.0
2018-08-01,3,0.3612,0.0,0.8889999999999999,0.111,42,116,21,0.3612,0.3612,0.3612
2018-08-03,1,0.6114,0.0,0.883,0.117,49,108,10,0.6114,0.6114000000000002,0.6114
2018-08-05,1,0.8745,0.0,0.818,0.182,10,45,12,0.8744999999999999,0.8744999999999999,0.8745
2018-08-08,2,0.7269,0.0,0.816,0.184,164,1761,4,0.7269,0.7269000000000001,0.7269
2018-08-09,6,0.0,0.0,1.0,0.0,98,269,30,0.0,0.0,0.0
2018-08-12,1,-0.3289,0.122,0.786,0.091,31,132,23,-0.3289,-0.3289,-0.3289
2018-08-17,2,0.75,0.0,0.783,0.217,12,45,12,0.75,0.75,0.75
2018-08-21,3,0.3818,0.0,0.9090000000000001,0.09100000000000001,15,59,18,0.3818,0.3817999999999999,0.3818
2018-08-23,5,0.57216,0.0,0.763,0.23700000000000002,41,149,31,0.6459870967741935,0.6528,0.627980487804878
2018-08-24,1,0.7579,0.0,0.606,0.394,2,18,0,,0.7579,0.7579
2018-08-25,3,0.7406,0.025000000000000005,0.848,0.127,87,186,9,0.7406,0.7405999999999999,0.7405999999999999
2018-08-29,1,0.7592,0.0,0.88,0.12,38,44,4,0.7592,0.7592,0.7592
2018-08-30,3,0.0,0.0,1.0,0.0,45,114,6,0.0,0.0,0.0
2018-08-31,7,0.5631,0.0,0.856,0.144,85,247,15,0.55784,0.5747080971659919,0.6410176470588235
2018-09-01,11,0.6899727272727273,0.024181818181818183,0.7978181818181818,0.17799999999999996,339,986,11,0.6210636363636364,0.784080831643002,0.701249557522124
2018-09-02,5,0.0,0.0,1.0,0.0,25,173,35,0.0,0.0,0.0
2018-09-03,4,0.0,0.0,1.0,0.0,72,172,0,,0.0,0.0
2018-09-05,9,-0.19234444444444446,0.060444444444444446,0.9107777777777779,0.028777777777777777,43,224,56,-0.29599999999999993,-0.12524598214285715,-0.05735116279069765
2018-09-06,9,-0.4034333333333333,0.11355555555555556,0.8506666666666667,0.035777777777777776,56,188,18,0.7574,-0.02060531914893611,0.3842750000000001
2018-09-07,9,0.39248888888888894,0.0,0.9104444444444445,0.08955555555555555,116,353,43,0.5804651162790697,0.4548385269121813,0.4051655172413793
2018-09-08,5,-0.40848000000000007,0.0696,0.9304,0.0,46,114,1,0.0,-0.3045684210526316,-0.3108
2018-09-09,7,-0.08877142857142858,0.048428571428571425,0.9187142857142858,0.03214285714285714,182,360,29,-0.1322,-0.19722222222222222,-0.2219802197802198
2018-09-10,9,0.38168888888888886,0.0,0.9266666666666666,0.07333333333333332,758,691,103,0.4061941747572815,0.3937487698986976,0.43435831134564645
2018-09-13,13,0.09234615384615386,0.0,0.9738461538461538,0.026153846153846156,1778,1833,515,0.22844466019417475,0.18731205673758863,0.20742047244094486
2018-09-14,2,0.9379,0.0,0.687,0.313,152,138,56,0.9379,0.9378999999999998,0.9379
2018-09-15,5,0.15148,0.0,0.974,0.026000000000000002,114,277,65,0.10487076923076923,0.26522671480144405,0.3321929824561403
2018-09-16,9,0.6164000000000001,0.0,0.794,0.206,1685,1680,1242,0.9246,0.8866253571428571,0.9081382789317507
2018-09-19,5,0.0,0.0,1.0,0.0,40,100,15,0.0,0.0,0.0
2018-09-20,8,0.6461499999999999,0.0,0.8872500000000001,0.11275,330,459,658,0.7233854103343464,0.6592675381263616,0.66656
2018-09-27,9,0.48682222222222227,0.0,0.9204444444444445,0.07955555555555555,159,332,36,0.5408333333333333,0.6149090361445784,0.684822641509434
2018-09-28,2,0.3802,0.0,0.938,0.062,32,78,12,0.38020000000000004,0.3802,0.3802
2018-10-04,4,0.0,0.0,1.0,0.0,56,84,12,0.0,0.0,0.0
2018-10-10,2,0.0,0.0,1.0,0.0,42,66,32,0.0,0.0,0.0
2018-10-13,1,0.9509,0.0,0.679,0.321,57,337,15,0.9509,0.9509000000000001,0.9509
2018-10-14,7,0.2568857142857143,0.06542857142857143,0.8207142857142857,0.11428571428571431,129,627,43,0.209093023255814,0.33554928229665076,0.15333488372093024
2018-10-15,4,0.5267,0.0,0.907,0.093,12,88,0,,0.5267,0.5267
2018-10-16,3,0.4019,0.0,0.876,0.124,309,237,6,0.4019,0.4019,0.4019
2018-10-24,2,0.0,0.0,1.0,0.0,11,70,8,0.0,0.0,0.0
2018-10-26,4,0.2244,0.022,0.939,0.039,56,129,8,0.2244,0.22439999999999996,0.2244
2018-10-27,3,0.8106,0.0,0.8690000000000001,0.131,54,126,0,,0.8106000000000001,0.8106
2018-11-03,4,0.0,0.0,1.0,0.0,12,280,0,,0.0,0.0
2018-11-04,7,0.37744285714285714,0.0,0.9177142857142856,0.0822857142857143,51,339,0,,0.288370796460177,0.8807
2018-11-05,3,0.3818,0.0,0.9380000000000001,0.062,131,124,36,0.3818,0.3818,0.3818
2018-11-06,2,0.0,0.0,1.0,0.0,0,112,0,,0.0,
2018-11-07,2,0.4389,0.0,0.912,0.088,18,62,4,0.4389,0.4389,0.4389
2018-11-12,4,0.0,0.0,1.0,0.0,4,204,0,,0.0,0.0
2018-11-13,5,0.0,0.0,1.0,0.0,55,119,5,0.0,0.0,0.0
2018-11-14,2,0.0,0.0,1.0,0.0,2,100,0,,0.0,0.0
2018-11-16,1,0.0,0.0,1.0,0.0,0,47,0,,0.0,
2018-11-17,6,0.6928666666666666,0.0,0.872,0.128,171,228,370,0.5898972972972972,0.6653228070175438,0.6396152046783625
2018-11-18,11,0.4728181818181818,0.0,0.8953636363636364,0.10463636363636364,184,349,286,0.5799734265734265,0.45789742120343835,0.501554347826087
2018-11-22,3,0.20796666666666666,0.0,0.961,0.039,37,68,0,,0.16515,0.18548378378378377
2018-12-02,4,0.4926,0.0,0.849,0.151,64,171,20,0.49260000000000004,0.4925999999999999,0.4926
2018-12-04,1,0.8433,0.0,0.762,0.238,8,20,0,,0.8432999999999999,0.8433
2018-12-05,1,0.7249,0.0,0.909,0.091,30,153,12,0.7249,0.7249,0.7249
2018-12-06,5,0.95638,0.0,0.6278,0.3722,233,734,70,0.9503114285714284,0.9508433242506812,0.9497557939914162
2018-12-07,2,0.6467,0.0,0.843,0.157,32,62,4,0.6467,0.6467,0.6467
2018-12-08,2,-0.296,0.066,0.934,0.0,10,44,4,-0.296,-0.296,-0.296
2018-12-11,4,0.4926,0.0,0.924,0.076,40,159,36,0.4926,0.4925999999999999,0.49260000000000004
2018-12-12,1,-0.2263,0.225,0.582,0.193,0,23,0,,-0.2263,
2018-12-17,2,0.0,0.0,1.0,0.0,6,84,2,0.0,0.0,0.0
2018-12-18,1,0.7088,0.0,0.827,0.173,13,37,1,0.7088,0.7088,0.7088
2018-12-19,5,0.7512000000000001,0.0,0.7838,0.2162,33,123,3,0.7424,0.7506276422764228,0.7504
2018-12-20,5,0.74172,0.0,0.8326,0.1674,33,107,13,0.7560461538461538,0.7475943925233645,0.7438363636363636
2018-12-21,6,0.75,0.0,0.819,0.18100000000000002,42,192,15,0.75,0.75,0.75
2018-12-23,4,0.4003,0.0,0.932,0.068,40,104,0,,0.4003,0.4003
2018-12-26,3,0.0772,0.0,0.973,0.027,0,180,0,,0.0772,
2018-12-30,1,0.6249,0.0,0.895,0.105,5,22,0,,0.6249,0.6249
2019-01-04,8,0.6223125,0.0,0.8422500000000002,0.15774999999999997,218,699,21,0.7345,0.5868426323319027,0.7139151376146791
2019-01-06,3,0.0,0.0,1.0,0.0,21,132,147,0.0,0.0,0.0
2019-01-07,1,0.2732,0.0,0.926,0.074,11,18,2,0.2732,0.2732,0.2732
2019-01-18,1,0.6908,0.0,0.642,0.358,34,84,4,0.6908,0.6908,0.6908
2019-01-23,3,0.0,0.0,1.0,0.0,27,87,15,0.0,0.0,0.0
2019-01-25,2,-0.2023,0.179,0.709,0.112,70,360,16,-0.2023,-0.2023,-0.2023
2019-02-01,2,0.1943,0.056,0.868,0.076,34,62,2,0.1943,0.1943,0.1943
2019-02-04,1,0.0,0.0,1.0,0.0,34,173,6,0.0,0.0,0.0
2019-02-17,3,0.5962,0.0,0.912,0.08800000000000001,45,118,6,0.5962,0.5962000000000001,0.5962000000000001
2019-02-19,2,0.5468000000000001,0.0285,0.8375,0.134,103,198,57,0.4523719298245615,0.48118383838383844,0.5449980582524272
2019-02-21,2,0.4019,0.0,0.924,0.076,88,138,4,0.4019,0.4019,0.4019
2019-02-27,2,0.5859,0.0,0.853,0.147,34,140,4,0.5859,0.5859,0.5859
2019-03-01,1,0.8065,0.0,0.849,0.151,43,94,5,0.8065,0.8064999999999999,0.8064999999999999
2019-03-04,4,0.0,0.0,1.0,0.0,56,160,4,0.0,0.0,0.0
2019-03-05,2,0.3612,0.0,0.909,0.091,76,305,14,0.3612,0.36119999999999997,0.3612
2019-03-06,1,0.5994,0.0,0.877,0.123,10,27,1,0.5994,0.5994,0.5994
2019-03-08,1,0.6597,0.0,0.69,0.31,8,31,1,0.6597,0.6597,0.6597
2019-03-11,3,0.0,0.0,1.0,0.0,60,69,3,0.0,0.0,0.0
2019-03-14,3,0.0,0.0,1.0,0.0,18,102,21,0.0,0.0,0.0
2019-03-15,4,0.763325,0.0,0.7105000000000001,0.2895,442,625,175,0.8981342857142854,0.8813127999999999,0.8929013574660633
2019-03-16,4,0.2023,0.098,0.777,0.125,44,72,0,,0.2023,0.20230000000000004
2019-03-18,3,0.296,0.0,0.934,0.066,103,123,3,0.296,0.296,0.296
2019-03-22,4,0.77925,0.0,0.7260000000000001,0.274,285,373,89,0.887285393258427,0.8648026809651475,0.8208105263157895
2019-03-24,3,0.5859,0.0,0.884,0.116,84,146,12,0.5859,0.5859,0.5859
2019-03-25,2,0.9729,0.0,0.616,0.384,66,93,72,0.9729,0.9729000000000001,0.9729
2019-03-31,3,0.0,0.0,1.0,0.0,30,72,6,0.0,0.0,0.0
2019-04-02,3,0.9341,0.0,0.603,0.397,220,242,126,0.9340999999999999,0.9341000000000002,0.9341
2019-04-03,6,0.41183333333333333,0.0,0.8738333333333334,0.12616666666666668,213,714,85,0.09534588235294118,0.169578431372549,0.12483004694835681
2019-04-08,2,0.4588,0.0,0.906,0.094,20,60,6,0.45879999999999993,0.4588,0.4588
2019-04-10,1,0.8074,0.049,0.748,0.204,139,251,99,0.8073999999999999,0.8074,0.8074
2019-04-11,6,0.5451,0.014666666666666666,0.7826666666666666,0.20266666666666666,497,681,1002,0.9315910179640718,0.5468770925110132,0.7634392354124749
2019-04-14,3,-0.4559,0.19899999999999998,0.801,0.0,18,108,60,-0.45589999999999997,-0.4559,-0.4559
2019-04-15,4,0.9485,0.0,0.696,0.304,340,307,936,0.9485,0.9484999999999999,0.9485
2019-04-17,6,0.12731666666666666,0.0,0.9723333333333333,0.02766666666666667,287,371,33,0.7639,0.4982851752021563,0.6041996515679443
2019-04-18,1,0.9492,0.0,0.746,0.254,83,50,86,0.9492,0.9492,0.9492
2019-04-20,3,0.8132,0.033999999999999996,0.7346666666666667,0.2313333333333333,145,179,254,0.9004503937007874,0.7464089385474859,0.8111889655172414
2019-04-23,2,-0.6486,0.193,0.807,0.0,26,90,2,-0.6486,-0.6486,-0.6486
2019-04-26,4,0.9485,0.0,0.712,0.288,317,303,712,0.9485,0.9484999999999999,0.9484999999999999
2019-04-27,4,0.8709,0.0,0.7235,0.27649999999999997,123,389,63,0.8346190476190477,0.8169866323907456,0.8366682926829269
2019-05-02,1,0.6486,0.0,0.883,0.117,27,37,33,0.6486,0.6486,0.6486
2019-05-03,2,0.8316,0.044,0.768,0.188,217,241,258,0.8316,0.8315999999999999,0.8316
2019-05-06,3,0.5526,0.0,0.932,0.068,599,545,207,0.5525999999999999,0.5526000000000001,0.5526
2019-05-10,3,0.911,0.0,0.684,0.316,82,124,0,,0.911,0.911
2019-05-11,4,0.882,0.0,0.858,0.142,56,156,40,0.882,0.8820000000000001,0.882
2019-05-12,9,0.27122222222222225,0.051,0.8028888888888889,0.14611111111111114,312,332,356,0.9178002808988766,0.34592018072289166,0.4997320512820512
2019-05-18,5,0.19039999999999999,0.0692,0.8266,0.1042,95,164,21,0.5216666666666667,0.1606768292682927,0.15578315789473685
2019-05-19,2,0.6486,0.0,0.8815,0.1185,40,46,20,0.6485999999999998,0.6486,0.6486
2019-05-20,2,0.6155999999999999,0.0,0.8734999999999999,0.1265,21,38,13,0.6486,0.6138631578947368,0.6203142857142856
2019-05-21,4,0.817575,0.0,0.8315,0.16849999999999998,110,155,63,0.8702,0.8536548387096775,0.8473363636363637
2019-05-22,1,0.7344,0.079,0.711,0.21,4,75,13,0.7344,0.7344,0.7344
2019-05-27,2,0.4914,0.0,0.908,0.092,21,58,0,,0.6193103448275861,0.5225714285714286
2019-05-30,1,0.8811,0.056,0.679,0.266,20,28,6,0.8811,0.8811,0.8811
2019-06-01,1,0.4404,0.0,0.909,0.091,25,33,0,,0.4404,0.4404
2019-06-02,7,0.4000571428571429,0.019714285714285715,0.852857142857143,0.12742857142857142,51,152,11,0.5898909090909091,0.44127105263157906,0.27722352941176476
2019-06-14,3,0.9312999999999999,0.042,0.6999999999999998,0.258,117,147,204,0.9313000000000001,0.9312999999999999,0.9313000000000001
2019-06-15,4,0.899575,0.01025,0.709,0.28075000000000006,121,154,252,0.8804535714285715,0.8795844155844157,0.8780041322314049
2019-06-16,1,0.9618,0.0,0.666,0.334,88,96,148,0.9617999999999999,0.9617999999999999,0.9618000000000001
2019-06-20,5,-0.296,0.087,0.913,0.0,177,273,10,-0.296,-0.296,-0.296
2019-06-22,4,0.839225,0.0,0.76525,0.23475,146,392,52,0.8641769230769232,0.8326051020408163,0.8561102739726026
2019-06-23,2,0.0258,0.059,0.88,0.061,46,54,93,0.0258,0.0258,0.025799999999999997
2019-06-25,1,0.3182,0.0,0.931,0.069,45,106,3,0.3182,0.3182,0.3182
2019-06-27,1,0.8198,0.048,0.718,0.234,20,53,8,0.8198,0.8198,0.8198000000000001
2019-06-29,1,0.2023,0.0,0.948,0.052,40,48,2,0.2023,0.2023,0.2023
2019-07-01,1,0.3818,0.0,0.942,0.058,22,34,1,0.3818,0.3818,0.3818
2019-07-02,4,0.9206,0.0,0.757,0.243,348,429,204,0.9206,0.9205999999999998,0.9205999999999999
2019-07-05,6,0.3026,0.035333333333333335,0.8366666666666668,0.128,15,143,16,0.47324999999999995,0.2831328671328671,0.10612
2019-07-06,1,0.2244,0.0,0.946,0.054,51,109,7,0.2244,0.2244,0.2244
2019-07-07,4,0.502875,0.0615,0.7742499999999999,0.16425,66,319,12,0.6705,0.6221567398119123,0.5790681818181818
2019-07-13,6,0.58435,0.046000000000000006,0.7760000000000001,0.1785,264,413,195,0.7901876923076924,0.6664694915254238,0.824784090909091
2019-07-14,4,0.9485,0.0,0.726,0.274,605,660,952,0.9485,0.9485,0.9485000000000001
2019-07-15,2,0.6792,0.0,0.862,0.138,42,112,6,0.6792000000000001,0.6792,0.6792
2019-07-23,9,0.42162222222222223,0.01911111111111111,0.8612222222222221,0.11988888888888888,473,1089,136,0.4490117647058824,0.381714233241506,0.40900042283298105
2019-07-24,9,0.7983666666666667,0.0,0.7803333333333333,0.21966666666666668,785,1140,1121,0.7963615521855485,0.7932429824561402,0.7947461146496815
2019-07-31,2,0.0,0.0,1.0,0.0,114,342,28,0.0,0.0,0.0
2019-08-02,4,-0.1739,0.11,0.832,0.058,12,115,44,-0.1739,-0.1739,-0.17390000000000003
2019-08-09,3,0.6597,0.0,0.7959999999999999,0.204,96,99,15,0.6596999999999998,0.6597,0.6597
2019-08-12,1,0.0,0.0,1.0,0.0,9,71,4,0.0,0.0,0.0
2019-08-13,11,0.8998909090909091,0.023272727272727275,0.7035454545454546,0.2728181818181818,833,930,1330,0.9298215789473685,0.9249520430107527,0.9264617046818728
2019-08-17,1,0.6229,0.059,0.791,0.149,57,64,83,0.6229,0.6229,0.6229
2019-08-20,1,0.9812,0.0,0.634,0.366,37,41,3,0.9812,0.9812,0.9812000000000001
2019-08-22,2,0.9117,0.0,0.765,0.235,116,106,18,0.9117,0.9117,0.9117
2019-08-23,4,0.9485,0.0,0.726,0.274,701,792,1356,0.9485,0.9485,0.9485
2019-08-30,4,0.72045,0.01175,0.832,0.15625,603,716,900,0.8695026666666668,0.8216050279329609,0.8058333333333334
2019-09-01,3,0.6839666666666666,0.06033333333333333,0.7843333333333332,0.156,111,196,56,0.6741392857142856,0.6806188775510204,0.6931198198198197
2019-09-03,2,0.8271,0.0,0.749,0.251,14,86,10,0.8271,0.8271000000000001,0.8271
2019-09-05,9,0.558788888888889,0.0,0.9163333333333333,0.08366666666666668,5316,3434,1509,0.6002114645460569,0.5935249271986023,0.6133837471783296
2019-09-06,5,0.80306,0.0,0.7798,0.22019999999999995,400,440,748,0.9394318181818181,0.8776570454545455,0.9013587500000001
2019-09-07,1,0.7184,0.0,0.854,0.146,61,54,11,0.7184,0.7184,0.7184
2019-09-10,2,0.779,0.05,0.763,0.187,114,122,28,0.779,0.779,0.779
2019-09-11,4,0.70595,0.04,0.7805,0.17950000000000002,121,137,14,0.7412571428571428,0.7871306569343065,0.8632272727272726
2019-09-13,2,0.9049,0.0,0.8,0.2,57,148,34,0.9049,0.9049000000000001,0.9049
2019-09-14,7,0.5212428571428571,0.0,0.8650000000000001,0.13499999999999998,2914,3513,4684,0.9016144321093084,0.8303561343580985,0.8759951612903225
2019-09-15,3,0.45870000000000005,0.08900000000000001,0.7399999999999999,0.171,119,149,105,0.4587,0.4587,0.4587
2019-09-16,2,0.4134,0.0,0.9159999999999999,0.084,185,206,448,0.13287857142857143,0.17258446601941746,0.13854486486486486
2019-09-17,1,0.7574,0.037,0.811,0.152,52,61,44,0.7574000000000001,0.7574,0.7574
2019-09-18,11,0.8092545454545454,0.0,0.7763636363636365,0.22363636363636372,436,1002,303,0.7772389438943894,0.7836213572854291,0.7765247706422018
2019-09-20,13,0.5374923076923077,0.02007692307692308,0.8192307692307692,0.1606923076923077,522,1026,838,0.6289009546539379,0.7086090643274853,0.6320155172413793
2019-09-21,11,0.8768545454545454,0.0024545454545454545,0.7338181818181817,0.2637272727272728,446,1156,708,0.8597867231638419,0.8728294982698964,0.8678011210762331
2019-09-22,2,0.8805499999999999,0.0,0.747,0.253,120,157,224,0.8938691964285714,0.8975038216560509,0.8976125
2019-09-23,1,0.802,0.043,0.771,0.186,65,72,22,0.802,0.802,0.802
2019-09-24,2,-0.8591,0.188,0.812,0.0,372,1015,66,-0.8591,-0.8591,-0.8591
2019-09-25,2,0.5378499999999999,0.06,0.7215,0.2185,56,72,53,0.1511,0.3659611111111112,0.31685
2019-09-27,1,0.9059,0.049,0.672,0.279,94,99,23,0.9058999999999999,0.9059,0.9059
2019-09-28,1,0.4767,0.0,0.89,0.11,121,122,46,0.4767,0.4767,0.4767
2019-09-29,1,0.128,0.09,0.785,0.125,79,75,18,0.128,0.128,0.128
2019-09-30,1,0.8166,0.0,0.821,0.179,77,80,17,0.8166,0.8166,0.8166
2019-10-01,1,0.25,0.05,0.877,0.073,86,87,22,0.25,0.25,0.25
2019-10-02,1,0.2481,0.045,0.89,0.064,100,110,47,0.24809999999999996,0.24809999999999996,0.2481
2019-10-07,1,0.0,0.0,1.0,0.0,14,34,12,0.0,0.0,0.0
2019-10-08,2,0.3595,0.0,0.909,0.091,36,194,246,0.3595,0.3595,0.3595
2019-10-14,1,0.9516,0.0,0.712,0.288,39,53,20,0.9516,0.9516,0.9516
2019-10-15,8,0.93485,0.0,0.6835,0.3165,533,677,736,0.9490543478260868,0.940989364844904,0.9467343339587241
2019-10-16,3,0.953,0.0,0.7280000000000001,0.272,101,103,126,0.953,0.953,0.953
2019-10-21,4,0.9313,0.0,0.822,0.178,154,188,136,0.9313,0.9313000000000001,0.9313
2019-10-24,8,0.7435,0.0,0.8424999999999999,0.15749999999999997,1132,1269,1544,0.7467901554404146,0.7443506698187551,0.7435000000000002
2019-10-25,2,0.7096,0.0,0.826,0.174,36,163,12,0.7096,0.7096000000000001,0.7096
2019-10-26,12,0.6743250000000001,0.0,0.8575833333333334,0.14241666666666666,832,955,993,0.7200429003021148,0.7049324607329842,0.7030415865384616
2019-10-28,2,0.4215,0.0,0.859,0.141,14,44,2,0.4215,0.4215,0.4215
2019-11-01,1,0.636,0.1,0.727,0.173,23,38,3,0.636,0.636,0.636
2019-11-02,1,0.68,0.0,0.885,0.115,161,171,231,0.68,0.68,0.68
2019-11-03,1,0.7825,0.0,0.761,0.239,31,39,2,0.7825,0.7825,0.7825
2019-11-05,4,0.20315,0.0,0.96,0.04,117,413,24,0.10157500000000001,0.0708319612590799,0.1666871794871795
2019-11-10,2,0.8856,0.0,0.765,0.235,14,46,0,,0.8856,0.8856
2019-11-11,1,-0.2023,0.085,0.852,0.063,28,165,16,-0.2023,-0.2023,-0.2023
2019-11-15,6,-0.6833,0.13,0.87,0.0,211,468,60,-0.6832999999999999,-0.6833,-0.6833000000000001
2019-11-16,2,0.8193,0.0,0.8025,0.1975,185,220,190,0.8817842105263158,0.8655545454545455,0.8793475675675676
2019-11-20,1,-0.34,0.082,0.881,0.036,8,39,2,-0.34,-0.34,-0.34
2019-11-23,1,0.9606,0.0,0.674,0.326,85,109,113,0.9606,0.9606,0.9606
2019-11-29,2,0.8718,0.121,0.508,0.371,4,124,2,0.8718,0.8718,0.8718
2019-12-01,3,0.4295,0.026333333333333334,0.8896666666666667,0.084,348,477,675,0.7559426666666667,0.6584113207547169,0.7319594827586207
2019-12-02,1,0.9618,0.0,0.676,0.324,66,76,102,0.9618,0.9618,0.9618
2019-12-05,5,0.6705,0.0,0.845,0.155,55,95,0,,0.6705,0.6705
2019-12-06,5,0.7768600000000001,0.011399999999999999,0.7496,0.23900000000000002,65,175,4,0.9493,0.7965674285714286,0.7768600000000001
2019-12-09,11,0.8930545454545453,0.010909090909090908,0.7503636363636363,0.23899999999999996,500,761,865,0.9324175722543351,0.8894572930354796,0.9477247999999999
2019-12-11,2,0.296,0.0,0.901,0.099,22,71,18,0.296,0.296,0.296
2019-12-12,1,0.1154,0.0,0.935,0.065,1,18,4,0.1154,0.1154,0.1154
2019-12-16,1,0.8588,0.087,0.687,0.226,27,43,19,0.8588,0.8588000000000001,0.8588
2019-12-22,4,0.6933,0.0,0.7982499999999999,0.20175,456,654,689,0.8680505079825835,0.6897663608562691,0.8027684210526317
2019-12-23,9,0.8523666666666667,0.0,0.8383333333333334,0.16166666666666668,1084,1235,1690,0.8652861538461537,0.8630694736842105,0.8626027675276751
2019-12-26,3,0.8268,0.0,0.8610000000000001,0.139,211,228,347,0.8267999999999999,0.8268,0.8268
2019-12-28,6,0.15064999999999998,0.09249999999999999,0.774,0.1335,874,1000,1329,-0.049295033860045176,-0.053547299999999964,-0.03811498855835237
2019-12-30,6,0.7153999999999999,0.0175,0.7999999999999999,0.1825,285,495,135,0.6117911111111111,0.7934864646464648,0.6705438596491228
2019-12-31,1,0.95,0.0,0.752,0.248,50,57,91,0.9500000000000001,0.95,0.95
2020-01-01,3,0.9516,0.0,0.69,0.31,227,254,389,0.9516000000000001,0.9515999999999999,0.9516000000000002
2020-01-02,3,0.8268,0.0,0.847,0.153,205,260,401,0.8268000000000001,0.8268,0.8268
2020-01-03,8,0.8534875,0.0,0.7643750000000001,0.23562499999999997,676,838,976,0.9162668032786885,0.8812972553699284,0.8905463017751478
2020-01-04,1,0.9421,0.0,0.744,0.256,59,72,71,0.9420999999999999,0.9421000000000002,0.9421
2020-01-05,3,0.8917,0.033,0.766,0.20099999999999998,120,114,234,0.8917,0.8916999999999999,0.8916999999999999
2020-01-06,5,0.84724,0.0,0.7956,0.2044,563,682,900,0.8578006666666667,0.8563960410557184,0.8557536412078152
2020-01-07,3,0.9761000000000001,0.0,0.635,0.365,362,391,573,0.9761,0.9761,0.9760999999999999
2020-01-08,10,0.87572,0.008400000000000001,0.7582000000000002,0.2334,972,1009,927,0.9119392664509169,0.8328665014866204,0.8311191358024691
2020-01-09,3,0.8268,0.0,0.8610000000000001,0.139,240,279,390,0.8268,0.8267999999999999,0.8268000000000001
2020-01-10,1,0.8689,0.0,0.768,0.232,26,33,1,0.8689,0.8689,0.8689
2020-01-11,6,0.86125,0.0,0.7605,0.23949999999999996,750,806,639,0.8397389671361501,0.8634725806451614,0.8659351999999999
2020-01-12,5,0.82448,0.0156,0.6174000000000001,0.367,281,362,479,0.9394154488517745,0.8958276243093923,0.9188128113879003
2020-01-13,3,0.9617999999999999,0.0,0.616,0.38400000000000006,491,560,135,0.9617999999999999,0.9617999999999999,0.9618000000000002
2020-01-14,3,0.9325,0.0,0.651,0.349,506,603,817,0.9325,0.9325,0.9325000000000001
2020-01-15,7,0.8398285714285715,0.0,0.806,0.194,704,766,547,0.8440848263254113,0.8392062663185377,0.8391090909090909
2020-01-16,3,0.8268,0.0,0.844,0.156,278,329,462,0.8267999999999999,0.8268,0.8268
2020-01-17,5,0.9118,0.0,0.7430000000000001,0.257,614,658,540,0.9184111111111111,0.9053212765957447,0.9053358306188923
2020-01-18,2,0.926,0.0,0.739,0.261,303,388,494,0.926,0.926,0.9259999999999999
2020-01-19,9,0.5740333333333334,0.04466666666666667,0.7403333333333334,0.215,965,1009,792,0.8953515151515152,0.8457346878097125,0.8386243523316063
2020-01-20,2,0.9793,0.0,0.642,0.358,789,823,390,0.9793,0.9793,0.9793
2020-01-21,8,0.7718624999999999,0.0195,0.8106249999999999,0.169875,947,886,1089,0.8203793388429752,0.8015563205417607,0.7700537486800423
2020-01-22,6,0.8854500000000001,0.0,0.7250000000000001,0.275,466,798,618,0.891973786407767,0.8863582706766916,0.8898568669527896
2020-01-23,5,0.69528,0.0,0.8640000000000001,0.13599999999999998,526,574,388,0.7425773195876288,0.5802731707317073,0.5760775665399239
2020-01-25,2,0.8555,0.0,0.795,0.20500000000000002,72,79,5,0.8554999999999999,0.8555,0.8555
2020-01-27,10,0.5632900000000001,0.0164,0.8583000000000001,0.1253,1330,877,270,0.49739037037037026,0.4754369441277081,0.575272932330827
2020-01-28,4,0.30679999999999996,0.0365,0.8115,0.152,356,392,70,0.79598,0.7520214285714287,0.8032494382022471
2020-01-29,2,0.9537,0.0,0.751,0.249,180,221,278,0.9537,0.9537,0.9537
2020-01-30,10,0.77837,0.0172,0.6649999999999998,0.31779999999999997,693,862,604,0.8307334437086091,0.5196351508120649,0.4743075036075036
2020-01-31,5,0.9531400000000001,0.0,0.5588,0.4412,701,792,705,0.9790781560283688,0.9437994949494951,0.9420830242510699
2020-02-01,10,0.9185800000000001,0.0,0.7542000000000001,0.24579999999999994,927,1165,1432,0.9004138268156425,0.9060665236051502,0.9050634304207119
2020-02-02,2,0.0902,0.0745,0.8220000000000001,0.1035,72,139,100,0.6593600000000001,-0.02922805755395683,0.5293666666666668
2020-02-03,2,0.8591,0.0,0.747,0.253,326,352,118,0.8591,0.8590999999999999,0.8591
2020-02-04,3,0.6249,0.144,0.639,0.217,247,266,306,0.6249,0.6249,0.6249
2020-02-05,2,0.8439,0.059,0.681,0.259,175,181,232,0.8439,0.8439,0.8439
2020-02-06,2,0.8074,0.0,0.777,0.223,290,289,120,0.8074,0.8074,0.8074
2020-02-07,9,0.7979222222222222,0.0,0.785888888888889,0.2141111111111111,603,1140,768,0.835739453125,0.8476414035087718,0.8173150912106136
2020-02-08,3,0.0,0.0,1.0,0.0,6,75,9,0.0,0.0,0.0
2020-02-09,4,0.8722,0.086,0.66,0.254,777,843,1252,0.8722000000000001,0.8722,0.8722
2020-02-10,2,0.8074,0.0,0.783,0.217,371,392,132,0.8074,0.8074000000000001,0.8073999999999999
2020-02-11,3,0.8785,0.025000000000000005,0.726,0.249,297,150,66,0.8785,0.8784999999999998,0.8785
2020-02-14,4,0.43147499999999994,0.09000000000000001,0.75075,0.1595,541,593,826,0.3203941888619854,0.34647099494097805,0.3198750462107208
2020-02-15,6,0.7173333333333334,0.032,0.7520000000000001,0.21599999999999997,920,1103,1496,0.7352089572192513,0.7708888485947416,0.7450991304347825
2020-02-16,4,0.9396,0.00675,0.6884999999999999,0.30499999999999994,559,727,445,0.9669640449438203,0.9464541953232463,0.9488289803220036
2020-02-17,3,0.9253,0.0,0.6673333333333334,0.33266666666666667,375,404,104,0.9258307692307691,0.9257574257425741,0.9258472
2020-02-18,5,0.81914,0.0546,0.6912,0.2542,460,458,586,0.7428279863481229,0.7648085152838427,0.7788923913043477
2020-02-19,1,0.9557,0.0,0.641,0.359,72,54,27,0.9557,0.9557,0.9557
2020-02-20,2,0.8074,0.0,0.835,0.165,132,69,16,0.8074,0.8074,0.8074
2020-02-21,4,0.730725,0.0,0.8722500000000001,0.12775,210,263,215,0.6826576744186047,0.7187657794676806,0.7093285714285713
2020-02-24,3,0.0,0.0,1.0,0.0,18,144,6,0.0,0.0,0.0
2020-02-25,2,0.8268,0.0,0.769,0.231,384,383,94,0.8268,0.8268,0.8268
2020-02-26,3,0.9450666666666666,0.0,0.6966666666666667,0.3033333333333333,432,434,502,0.9471458167330677,0.9461815668202764,0.9460694444444444
2020-02-27,6,0.4134,0.0,0.9245,0.0755,306,381,347,0.8125037463976945,0.5598803149606298,0.5917294117647058
2020-03-03,9,0.566711111111111,0.0,0.7724444444444445,0.22755555555555557,209,512,69,0.4560130434782608,0.5790638671875,0.45036746411483247
2020-03-05,1,-0.6249,0.17,0.83,0.0,28,77,0,,-0.6249,-0.6249
2020-03-07,3,0.5168,0.08900000000000001,0.754,0.157,39,86,3,0.5168,0.5168,0.5168
2020-03-08,2,0.39775,0.0265,0.8674999999999999,0.1055,141,136,153,0.7851013071895424,0.6609669117647058,0.5923936170212766
2020-03-10,1,0.658,0.043,0.837,0.121,83,80,133,0.658,0.658,0.658
2020-03-13,1,0.802,0.054,0.726,0.22,144,187,156,0.802,0.802,0.802
2020-03-14,5,0.81538,0.0,0.7878000000000001,0.2122,810,1056,1217,0.9095116680361546,0.901815340909091,0.9126766666666666
2020-03-18,2,0.8442,0.0,0.717,0.283,29,92,16,0.8442,0.8442,0.8442
2020-03-19,4,0.44485,0.0425,0.756,0.2015,267,344,346,0.9240820809248557,0.684415988372093,0.7665198501872659
2020-03-20,2,0.9538,0.0,0.629,0.371,222,213,92,0.9538,0.9538,0.9538
2020-03-21,2,0.9811,0.0,0.597,0.403,101,131,110,0.9811,0.9811000000000001,0.9811
2020-03-23,2,0.9578,0.0,0.621,0.379,164,188,290,0.9578,0.9578,0.9578000000000001
2020-03-24,3,0.7351,0.0,0.859,0.141,86,139,297,0.7351,0.7350999999999999,0.7351
2020-03-25,2,0.9413,0.0,0.676,0.324,145,174,286,0.9412999999999999,0.9413,0.9412999999999999
2020-03-26,2,0.9538,0.0,0.629,0.371,294,299,118,0.9538,0.9538,0.9538
2020-03-27,2,-0.3818,0.08,0.92,0.0,52,85,36,-0.3818,-0.3818,-0.38180000000000003
2020-03-28,7,0.9074142857142856,0.0,0.6981428571428572,0.3018571428571429,1157,1329,1367,0.9523207754206291,0.9433526711813391,0.9284317199654278
2020-03-29,2,0.9413,0.0,0.676,0.324,200,230,376,0.9413,0.9413000000000001,0.9412999999999999
2020-03-30,1,0.0,0.0,1.0,0.0,19,29,0,,0.0,0.0
2020-03-31,3,0.7351,0.0,0.859,0.141,118,194,354,0.7351,0.7351,0.7351000000000001
2020-04-01,2,0.9538,0.0,0.621,0.379,329,306,110,0.9538,0.9538,0.9538000000000001
2020-04-02,2,0.9413,0.0,0.701,0.299,241,256,414,0.9412999999999999,0.9413,0.9413
2020-04-03,2,0.9538,0.0,0.621,0.379,276,267,96,0.9537999999999999,0.9538,0.9538000000000001
2020-04-06,3,0.7351,0.0,0.859,0.141,133,195,387,0.7351,0.7350999999999999,0.7350999999999999
2020-04-07,4,0.4769,0.0,0.8105,0.1895,409,445,144,0.9405527777777777,0.8187676404494382,0.8908352078239608
2020-04-09,5,0.89742,0.0,0.7826000000000001,0.21739999999999998,427,456,164,0.948680487804878,0.9346756578947367,0.9428114754098361
2020-04-10,2,0.9413,0.0,0.701,0.299,211,238,394,0.9413,0.9413,0.9413
2020-04-11,10,0.8318099999999999,0.0106,0.7654,0.22399999999999998,1224,1611,1414,0.8390509900990099,0.8552564245810054,0.8391632352941176
2020-04-12,1,-0.8327,0.227,0.773,0.0,11,32,2,-0.8327,-0.8327,-0.8327000000000001
2020-04-14,2,0.9558,0.0,0.677,0.323,285,265,98,0.9557999999999999,0.9557999999999999,0.9558000000000001
2020-04-17,6,0.9355000000000001,0.005666666666666667,0.7143333333333333,0.27999999999999997,500,585,282,0.9492638297872339,0.9344948717948718,0.9390984
2020-04-18,4,0.234,0.0,0.9325,0.0675,299,352,442,0.8682352941176472,0.6940227272727273,0.7951304347826087
2020-04-20,4,0.8877,0.0,0.735,0.265,555,642,1204,0.8877,0.8877,0.8876999999999999
2020-04-22,2,0.9558,0.0,0.677,0.323,277,266,94,0.9558000000000001,0.9558,0.9558
2020-04-23,2,0.9413,0.0,0.701,0.299,135,149,242,0.9413,0.9413,0.9413
2020-04-24,7,0.7728,0.0,0.7855714285714284,0.21442857142857144,550,591,332,0.7551614457831325,0.7841329949238578,0.7890370909090909
2020-04-25,3,0.7096,0.0,0.866,0.134,122,188,315,0.7096,0.7096,0.7096
2020-04-26,2,0.9558,0.0,0.677,0.323,226,204,58,0.9558,0.9558000000000001,0.9558000000000001
2020-04-27,6,0.5478,0.0,0.8753333333333333,0.12466666666666666,151,606,48,0.6847500000000001,0.7294960396039605,0.5441721854304636
2020-04-28,4,0.9602999999999999,0.0,0.7170000000000001,0.28300000000000003,356,261,116,0.9607655172413794,0.9580758620689654,0.9593393258426967
2020-04-29,3,0.6363333333333333,0.0,0.8593333333333334,0.14066666666666666,154,145,70,0.8999571428571429,0.8491758620689656,0.5268344155844156
2020-05-01,3,0.8735333333333334,0.018333333333333333,0.8416666666666667,0.1396666666666667,175,116,145,0.875648275862069,0.8708896551724138,0.8847485714285716
2020-05-02,3,0.45846666666666663,0.03,0.8713333333333333,0.09866666666666668,916,934,440,0.44186000000000003,0.3473406852248394,0.3397181222707424
2020-05-03,3,0.7096,0.0,0.8690000000000001,0.131,77,119,456,0.7096,0.7095999999999999,0.7096
2020-05-05,1,0.8176,0.0,0.8,0.2,54,38,19,0.8176,0.8176,0.8176
2020-05-07,7,0.6851000000000002,0.056,0.7720000000000001,0.17199999999999996,116,280,28,0.6851000000000002,0.6851,0.6850999999999999
2020-05-09,1,0.9621,0.0,0.635,0.365,196,240,313,0.9621,0.9621,0.9621
2020-05-10,1,0.1779,0.054,0.878,0.069,374,302,307,0.1779,0.1779,0.1779
2020-05-12,1,-0.4941,0.162,0.72,0.118,267,207,121,-0.4941,-0.4941,-0.4941
2020-05-13,4,0.6908,0.0,0.84,0.16,260,318,412,0.6908,0.6908,0.6908
2020-05-15,3,0.7096,0.0,0.8690000000000001,0.131,87,162,381,0.7096000000000001,0.7095999999999999,0.7096000000000001
2020-05-18,4,0.765,0.0,0.833,0.167,134,130,220,0.765,0.765,0.765
2020-05-19,9,0.27773333333333333,0.0,0.9586666666666667,0.04133333333333333,180,351,62,0.5241096774193548,0.2065196581196581,0.27773333333333333
2020-05-20,1,0.0,0.0,1.0,0.0,3,28,10,0.0,0.0,0.0
2020-05-23,4,0.0,0.0,1.0,0.0,194,459,8,0.0,0.0,0.0
2020-05-28,4,0.8225,0.0,0.788,0.212,132,114,180,0.8225,0.8224999999999999,0.8225
2020-06-16,3,0.7639,0.0,0.852,0.148,302,145,24,0.7639,0.7639,0.7639000000000001
2020-06-18,3,0.7906,0.0,0.795,0.205,79,94,123,0.7906,0.7906,0.7905999999999999
2020-06-20,2,0.7587999999999999,0.0,0.8049999999999999,0.19499999999999998,159,210,223,0.9213999999999999,0.8439714285714286,0.8927660377358492
2020-06-23,3,0.7181000000000001,0.0,0.86,0.14,51,90,3,0.7181000000000001,0.7180999999999998,0.7180999999999998
2020-06-29,4,0.9366,0.082,0.574,0.344,132,184,184,0.9366,0.9366,0.9366
2020-07-01,3,-0.5423,0.123,0.844,0.033,216,70,6,-0.5423,-0.5423,-0.5423
2020-07-03,1,0.9235,0.0,0.721,0.279,295,327,319,0.9235,0.9234999999999999,0.9235
2020-07-04,3,0.8522,0.0,0.79,0.21,128,150,69,0.8522,0.8521999999999998,0.8522
2020-07-06,5,-0.16868,0.141,0.7689999999999999,0.0894,84,339,30,-0.16868,-0.06398849557522125,-0.04060357142857139
2020-07-07,7,0.26694285714285715,0.008571428571428572,0.9067142857142857,0.08471428571428571,548,547,54,0.3402981481481482,0.2782700182815357,0.17197244525547445
2020-07-08,22,0.63205,0.010454545454545454,0.8072272727272728,0.18231818181818185,529,1343,557,0.7053630161579892,0.5229333581533879,0.6124546313799621
2020-07-09,10,0.50864,0.0171,0.8436999999999999,0.1392,109,633,175,0.6128697142857144,0.5749112164296998,0.5214385321100917
2020-07-10,2,0.29569999999999996,0.0335,0.8685,0.0985,92,674,68,0.31621470588235295,0.31666439169139465,0.3172217391304347
2020-07-11,2,0.964,0.0,0.697,0.303,332,363,198,0.964,0.9640000000000001,0.964
2020-07-12,8,0.0,0.0,1.0,0.0,32,227,4,0.0,0.0,0.0
2020-07-13,6,0.0,0.0,1.0,0.0,1988,669,108,0.0,0.0,0.0
2020-07-14,18,0.3959777777777779,0.009833333333333333,0.8960555555555556,0.09411111111111113,7362,1918,568,0.7309707746478872,0.38153461939520333,0.30378962238522145
2020-07-15,9,0.6005333333333334,0.0,0.8817777777777778,0.1182222222222222,2464,1156,295,0.7520481355932207,0.5634630622837371,0.5319518668831169
2020-07-16,4,0.6599250000000001,0.0,0.839,0.161,18,181,24,0.6588,0.659421546961326,0.6588
2020-07-17,3,0.6789999999999999,0.035666666666666666,0.7463333333333333,0.21766666666666667,165,230,195,0.9043938461538461,0.779684347826087,0.893818181818182
2020-07-18,2,0.681,0.0,0.8315,0.1685,38,97,14,0.7691714285714285,0.7112237113402061,0.7459684210526316
2020-07-19,4,0.0,0.0,1.0,0.0,4,104,12,0.0,0.0,0.0
2020-07-20,2,0.9153,0.0,0.743,0.257,243,259,350,0.9153,0.9153,0.9153
2020-07-21,4,0.0,0.0,1.0,0.0,37,84,37,0.0,0.0,0.0
2020-07-22,1,0.3147,0.093,0.76,0.147,4,25,1,0.3147,0.3147,0.3147
2020-07-23,7,0.0,0.0,1.0,0.0,3467,1510,161,0.0,0.0,0.0
2020-07-25,26,0.2004115384615385,0.003923076923076923,0.9514999999999999,0.04457692307692308,8894,3885,704,0.5621021306818182,0.18208118404118404,0.14989263548459636
2020-07-26,6,0.45880000000000004,0.0,0.9210000000000002,0.079,3144,1286,156,0.45879999999999993,0.4588,0.45880000000000004
2020-07-27,9,0.21033333333333334,0.0,0.9461111111111111,0.05388888888888889,43,268,23,0.24691304347826085,0.2203791044776119,0.13206976744186044
2020-07-28,7,0.10347142857142858,0.0,0.9767142857142856,0.023285714285714288,3312,1443,306,0.0,0.019575675675675676,0.0006560688405797102
2020-07-29,1,0.6792,0.0,0.811,0.189,0,24,0,,0.6792000000000001,
2020-07-31,2,-0.5213,0.086,0.914,0.0,10,52,4,-0.5213,-0.5213,-0.5213
2020-08-01,3,0.9485,0.0,0.677,0.323,526,664,804,0.9485,0.9485,0.9485000000000001
2020-08-02,1,0.9153,0.0,0.743,0.257,119,133,170,0.9153,0.9153,0.9153
2020-08-03,6,0.8706666666666667,0.0,0.753,0.24700000000000003,806,963,1504,0.9601519946808511,0.9387480789200415,0.9599846153846154
2020-08-04,5,0.9228,0.0,0.7274,0.2726,924,850,1083,0.9553495844875347,0.9520141176470588,0.9454770562770561
2020-08-05,2,-0.7901,0.137,0.863,0.0,2,90,10,-0.7901,-0.7901000000000001,-0.7901
2020-08-07,9,0.008577777777777778,0.0,0.9971111111111112,0.0028888888888888888,1370,1574,816,0.0005676470588235295,0.003972808132147396,0.0010143065693430657
2020-08-08,6,0.34148333333333336,0.013833333333333335,0.9136666666666667,0.07250000000000001,417,448,674,0.43687774480712166,0.35958861607142856,0.42901390887290164
2020-08-09,5,0.4404,0.0,0.942,0.05800000000000001,453,384,605,0.4404,0.44039999999999996,0.44039999999999996
2020-08-10,1,0.7783,0.0,0.746,0.254,18,27,10,0.7783,0.7783,0.7783
2020-08-12,16,0.7933000000000001,0.0235,0.763625,0.21274999999999997,1636,1704,973,0.7955093525179858,0.8359692488262911,0.7720481662591685
2020-08-13,2,0.0,0.0,1.0,0.0,4,62,2,0.0,0.0,0.0
2020-08-16,10,0.52747,0.0,0.8553000000000001,0.1447,760,827,686,0.7991102040816327,0.6014454655380895,0.6236717105263159
2020-08-17,15,0.45406666666666673,0.0,0.9223333333333333,0.07766666666666668,1552,1969,1147,0.4594978204010463,0.4818377856780091,0.46495966494845364
2020-08-21,2,0.9153,0.0,0.762,0.238,183,211,254,0.9153,0.9153000000000001,0.9153
2020-08-23,4,0.238425,0.017,0.90925,0.07375000000000001,162,174,31,0.18573870967741934,0.2905729885057471,-0.09539938271604938
2020-08-24,1,0.5267,0.0,0.864,0.136,11,25,3,0.5267,0.5267,0.5267
2020-08-29,4,0.9117,0.0,0.76,0.24,201,380,131,0.9117,0.9117000000000001,0.9117
2020-08-31,1,0.0,0.0,1.0,0.0,536,216,24,0.0,0.0,0.0
2020-09-02,2,0.9153,0.0,0.762,0.238,115,131,168,0.9153,0.9153,0.9153
2020-09-03,2,0.6808,0.0,0.817,0.183,6,52,8,0.6808,0.6807999999999998,0.6808
2020-09-12,7,0.0,0.0,1.0,0.0,1385,2214,1015,0.0,0.0,0.0
2020-09-16,2,0.9531,0.0,0.723,0.277,12,58,2,0.9531,0.9531,0.9531
2020-09-25,6,0.14723333333333333,0.0,0.9625,0.0375,202,477,156,0.7135153846153846,0.47781383647798736,0.6647366336633662
2020-09-29,2,0.7665,0.0,0.843,0.157,884,541,185,0.7338081081081081,0.7787439926062847,0.8297036199095023
2020-09-30,1,0.8625,0.0,0.795,0.205,836,331,42,0.8625,0.8625,0.8625
2020-10-01,2,0.76505,0.0,0.7335,0.2665,81,298,22,0.8397909090909091,0.8257456375838925,0.8361
2020-10-03,3,0.0,0.0,1.0,0.0,9,63,0,,0.0,0.0
2020-10-04,3,0.6229,0.042,0.844,0.114,18,108,0,,0.6229,0.6229
2020-10-05,7,0.6302857142857142,0.0,0.8561428571428573,0.14385714285714285,83,395,54,0.6478666666666668,0.630886582278481,0.5692819277108434
2020-10-07,3,0.5399,0.042,0.87,0.08900000000000001,36,123,9,0.5399,0.5399,0.5399
2020-10-08,4,0.6126,0.0265,0.78225,0.19125,520,503,847,0.8018280991735538,0.700213916500994,0.7508507692307693
2020-10-10,5,0.4404,0.0,0.9389999999999998,0.061,552,524,815,0.44040000000000007,0.4404,0.4404
2020-10-13,5,-0.13578,0.021599999999999998,0.9783999999999999,0.0,463,626,405,-0.17265851851851854,-0.16845974440894568,-0.1583611231101512
2020-10-14,5,0.95472,0.0,0.7215999999999999,0.2784,592,642,1190,0.973937142857143,0.9641383177570094,0.971808445945946
2020-10-16,2,0.9426,0.0,0.769,0.231,1312,1337,854,0.9426,0.9426,0.9426
2020-10-19,6,0.9655666666666667,0.0,0.7183333333333334,0.2816666666666667,1263,1282,2029,0.9596913257762444,0.9583046801872076,0.9583711005542358
2020-10-20,2,0.9153,0.0,0.782,0.218,278,295,408,0.9153,0.9153000000000001,0.9153
2020-10-22,1,0.9812,0.0,0.661,0.339,115,140,208,0.9812,0.9812,0.9812
2020-10-25,1,-0.7351,0.117,0.883,0.0,6,30,2,-0.7351,-0.7351,-0.7351
2020-10-28,4,0.9741,0.0,0.708,0.292,411,457,1048,0.9741,0.9740999999999999,0.9741
2020-10-31,4,0.9741,0.0,0.704,0.296,519,584,827,0.9741,0.9740999999999999,0.9741000000000001
2020-11-01,5,0.19624,0.0,0.9321999999999999,0.0678,2720,2920,361,0.5680631578947368,0.036963013698630136,0.03895941176470588
2020-11-07,5,0.95038,0.0,0.7226,0.2774,671,638,1486,0.9713864064602961,0.9601579937304074,0.9680904619970194
2020-11-11,3,0.9741,0.0,0.7040000000000001,0.296,302,309,447,0.9741,0.9741,0.9741
2020-11-17,2,0.128,0.0,0.966,0.034,128,358,74,0.128,0.128,0.128
2020-11-18,3,0.7783000000000001,0.0,0.903,0.09700000000000002,3,66,24,0.7783000000000001,0.7782999999999999,0.7783000000000001
2020-11-19,3,0.9741,0.0,0.7040000000000001,0.296,373,389,621,0.9741000000000001,0.9741,0.9741
2020-11-21,3,0.851,0.0,0.79,0.21,647,816,435,0.851,0.851,0.851
2020-11-24,5,-0.0258,0.048,0.906,0.046,991,883,1711,-0.0258,-0.025799999999999997,-0.0258
2020-11-25,7,0.5731857142857143,0.0,0.8487142857142856,0.15128571428571427,481,726,698,0.9602212034383955,0.6946918732782369,0.846514760914761
2020-11-26,3,0.8225000000000001,0.0,0.83,0.17,32,162,21,0.8225,0.8225,0.8225
2020-11-27,6,0.5861833333333334,0.0,0.9168333333333334,0.08316666666666665,264,393,178,0.5807376404494381,0.5785063613231552,0.585357196969697
2020-11-28,3,0.296,0.0,0.956,0.044000000000000004,6,72,12,0.296,0.296,0.296
2020-11-30,7,0.8065,0.0,0.8011428571428569,0.19885714285714284,6003,4953,2192,0.7867733576642335,0.7074474863718958,0.7031773779776778
2020-12-05,7,0.8375285714285715,0.0,0.8051428571428573,0.19485714285714284,2901,2834,4726,0.7733319085907744,0.771616231474947,0.7766222337125129
2020-12-07,4,-0.8689,0.222,0.738,0.04,28,216,24,-0.8689,-0.8689,-0.8689
2020-12-08,1,0.4939,0.0,0.916,0.084,75,127,58,0.4939,0.49390000000000006,0.49390000000000006
2020-12-09,3,0.9574000000000001,0.0,0.699,0.301,165,219,234,0.9574,0.9574,0.9574
2020-12-10,3,0.9741,0.0,0.7040000000000001,0.296,312,318,432,0.9741,0.9740999999999999,0.9741
2020-12-13,1,0.5106,0.0,0.93,0.07,55,139,39,0.5106,0.5106,0.5106
2020-12-14,1,0.0,0.0,1.0,0.0,10,17,1,0.0,0.0,0.0
2020-12-16,6,0.020449999999999968,0.1025,0.8090000000000002,0.08849999999999998,295,417,471,0.6713248407643311,0.31489424460431653,0.5870386440677966
2020-12-17,3,0.9741,0.0,0.7040000000000001,0.296,349,356,444,0.9741000000000001,0.9740999999999999,0.9741000000000001
2020-12-18,1,0.6449,0.058,0.751,0.19,26,75,1,0.6449,0.6449,0.6449
2020-12-20,7,0.37725714285714285,0.0,0.9284285714285715,0.07157142857142858,138,533,12,0.32926666666666665,0.43311688555347094,0.47958405797101455
2020-12-21,5,0.5859,0.0,0.882,0.118,35,190,10,0.5859,0.5859,0.5859000000000001
2020-12-23,1,0.8957,0.0,0.78,0.22,32,71,13,0.8956999999999999,0.8957,0.8957
2020-12-25,4,0.9098,0.0,0.786,0.214,182,261,228,0.9098,0.9098,0.9097999999999999
2020-12-26,6,0.7942999999999999,0.025666666666666667,0.8056666666666666,0.16866666666666666,2340,2302,3240,0.7381696296296297,0.7424292788879235,0.7407923076923076
2020-12-27,2,0.0,0.0,1.0,0.0,26,191,12,0.0,0.0,0.0
2020-12-28,2,0.9741,0.0,0.704,0.296,410,432,577,0.9741,0.9741,0.9741
2021-01-01,10,0.19716,0.028499999999999998,0.9101000000000001,0.0613,329,1757,148,0.08589729729729731,0.09232282299373934,0.09370212765957447
2021-01-02,31,0.29729354838709676,0.020677419354838706,0.8928387096774192,0.08651612903225805,1175,3004,551,0.5175638838475498,0.2552218708388814,0.5863149787234045
2021-01-03,22,0.27664090909090916,0.011227272727272726,0.9083636363636365,0.0803181818181818,878,3022,361,0.14636371191135736,0.16457789543348775,0.19438086560364465
2021-01-04,16,0.4436312500000001,0.032937499999999995,0.8415,0.125625,845,1980,843,0.7563007117437719,0.4155242929292928,0.58043550295858
2021-01-05,7,-0.01725714285714286,0.03628571428571429,0.9258571428571428,0.038142857142857145,125,417,47,-0.04591489361702127,0.020855875299760192,0.060096000000000004
2021-01-06,5,0.5880799999999999,0.0,0.9048,0.09519999999999999,2404,2107,3493,0.7348895505296307,0.7155624584717609,0.7323479617304492
2021-01-07,12,-0.0936,0.0365,0.9635000000000001,0.0,107,532,104,-0.1296,-0.10556390977443608,-0.0734803738317757
2021-01-08,9,0.09065555555555556,0.07777777777777779,0.7766666666666665,0.14533333333333331,372,685,458,0.9567397379912662,0.3537671532846715,0.7479763440860212
2021-01-09,16,0.37504375,0.0085,0.857,0.134625,628,1149,698,0.9209885386819484,0.6155468233246301,0.7147708598726114
2021-01-10,20,0.38322,0.017899999999999996,0.8819999999999999,0.10010000000000001,555,2210,210,0.24663047619047615,0.25796479638009046,0.23514792792792794
2021-01-11,4,0.0,0.0,1.0,0.0,26,160,0,,0.0,0.0
2021-01-12,7,0.8759428571428572,0.019714285714285715,0.7531428571428573,0.22671428571428573,395,1046,543,0.9438961325966851,0.8535921606118548,0.9272817721518989
2021-01-14,10,0.05216999999999998,0.0372,0.9143000000000001,0.0485,124,583,27,0.09257777777777777,0.04957101200686106,0.0487766129032258
2021-01-15,4,0.0,0.0,1.0,0.0,52,84,0,,0.0,0.0
2021-01-16,15,0.09636666666666667,0.020466666666666664,0.9347333333333333,0.04459999999999999,149,889,35,0.1392342857142857,0.06615466816647919,0.15859194630872486
2021-01-17,4,0.32330000000000003,0.0,0.9077500000000001,0.09225,51,177,20,0.28206,0.31305988700564974,0.37870588235294117
2021-01-18,1,0.4545,0.0,0.931,0.069,18,35,1,0.4545,0.4545,0.45450000000000007
2021-01-19,11,0.40236363636363637,0.0,0.8697272727272728,0.13027272727272726,713,1328,730,0.9282791780821917,0.4238912650602409,0.6149259467040673
2021-01-20,4,0.6578999999999999,0.0,0.8627499999999999,0.13724999999999998,92,113,2,0.0,0.489058407079646,0.28604347826086957
2021-01-21,4,0.1779,0.078,0.832,0.091,20,156,4,0.1779,0.1779,0.1779
2021-01-22,11,0.4372181818181819,0.0,0.8848181818181817,0.11518181818181819,482,747,638,0.9455416927899686,0.6481140562248996,0.8373773858921164
2021-01-23,13,0.21426153846153848,0.02,0.9213076923076924,0.058692307692307696,121,531,10,0.3182,0.258509604519774,0.2630892561983471
2021-01-24,10,0.24399,0.010100000000000001,0.9177,0.0722,263,1373,124,0.22251290322580644,0.30779912600145665,0.134309505703422
2021-01-25,6,0.15445,0.0,0.957,0.043000000000000003,103,432,33,0.1965727272727273,0.20450324074074078,0.20693300970873788
2021-01-26,6,0.5314166666666665,0.034833333333333334,0.8146666666666667,0.15016666666666667,260,500,46,-0.06439347826086958,0.25708439999999994,0.2552576923076923
2021-01-27,16,0.49932499999999996,0.028249999999999994,0.8498125,0.12212500000000001,25731,84147,3225,0.6785718139534882,0.6776402272214103,0.678649282966072
2021-01-28,209,0.17348038277511962,0.041291866028708143,0.8687846889952153,0.08993779904306222,21035,82963,5191,0.07741333076478521,0.08023565444836854,0.06467472308058
2021-01-29,168,0.21561190476190484,0.03423809523809525,0.8788809523809523,0.08690476190476187,25152,81491,6063,0.5295991588322607,0.33250771741664725,0.39513692350508883
2021-01-30,85,0.23099411764705868,0.03508235294117648,0.8532941176470593,0.11164705882352938,12809,48930,4581,0.7778568871425451,0.8387119885550783,0.8331668202045436
2021-01-31,62,0.4721774193548389,0.01982258064516129,0.8343225806451613,0.14580645161290323,10822,30601,1784,0.31685526905829603,0.10373221790137573,0.12460820550729994
2021-02-01,53,0.1678754716981132,0.03779245283018868,0.8596603773584904,0.10252830188679246,3936,8644,3090,0.015152200647249191,0.11782767237390099,0.09863064024390243
2021-02-02,53,0.32553207547169816,0.018226415094339622,0.8777924528301887,0.10399999999999998,4302,12452,2334,0.6679395886889463,0.2833567057500804,0.4470986517898651
2021-02-03,47,0.32624893617021294,0.03185106382978724,0.8474255319148937,0.12065957446808512,1328,4180,485,0.6814608247422677,0.400833014354067,0.38179774096385544
2021-02-04,98,0.25849591836734703,0.036795918367346934,0.859469387755102,0.10374489795918371,5770,12594,1618,0.3399300988875154,0.29540271557884706,0.4538361005199308
2021-02-05,53,0.2601528301886792,0.028188679245283024,0.8654905660377358,0.10632075471698109,8744,23433,801,0.23296704119850187,0.006946319293304312,-0.01738325709057638
2021-02-06,105,0.25683142857142865,0.03877142857142856,0.8471523809523809,0.11410476190476193,7269,22598,942,0.3998304670912951,0.39644637136029726,0.24466956940431966
2021-02-07,180,0.3016827777777779,0.015349999999999999,0.8885722222222232,0.09607222222222224,14025,44763,3008,0.5204802526595748,0.3975977682460962,0.39456675935828883
2021-02-08,216,0.25020555555555535,0.03208796296296296,0.8738981481481487,0.09401851851851853,12753,59034,13741,0.1285446182956115,0.19465432293254734,0.2568065553203169
2021-02-09,191,0.3180722513089004,0.02229319371727749,0.8683193717277492,0.10937696335078526,9881,31195,3253,0.1919300338149401,0.5886154800448793,0.5188544074486388
2021-02-10,160,0.3289493749999999,0.021093749999999998,0.8650312499999997,0.11383125000000005,7001,21216,1845,0.28702108401084026,0.45709902432126726,0.3862465790601341
