date,dogecoin,isPartial
2014-01-01,26,False
2014-01-02,27,False
2014-01-03,30,False
2014-01-04,22,False
2014-01-05,25,False
2014-01-06,23,False
2014-01-07,20,False
2014-01-08,20,False
2014-01-09,19,False
2014-01-10,21,False
2014-01-11,22,False
2014-01-12,18,False
2014-01-13,18,False
2014-01-14,36,False
2014-01-15,33,False
2014-01-16,30,False
2014-01-17,25,False
2014-01-18,34,False
2014-01-19,35,False
2014-01-20,85,False
2014-01-21,100,False
2014-01-22,76,False
2014-01-23,69,False
2014-01-24,62,False
2014-01-25,60,False
2014-01-26,48,False
2014-01-27,43,False
2014-01-28,47,False
2014-01-29,43,False
2014-01-30,50,False
2014-01-31,51,False
2014-02-01,49,False
2014-02-02,45,False
2014-02-03,37,False
2014-02-04,48,False
2014-02-05,45,False
2014-02-06,43,False
2014-02-07,50,False
2014-02-08,44,False
2014-02-09,44,False
2014-02-10,48,False
2014-02-11,50,False
2014-02-12,59,False
2014-02-13,52,False
2014-02-14,51,False
2014-02-15,38,False
2014-02-16,37,False
2014-02-17,46,False
2014-02-18,41,False
2014-02-19,36,False
2014-02-20,37,False
2014-02-21,35,False
2014-02-22,34,False
2014-02-23,35,False
2014-02-24,29,False
2014-02-25,39,False
2014-02-26,35,False
2014-02-27,36,False
2014-02-28,37,False
2014-03-01,30,False
2014-03-02,25,False
2014-03-03,28,False
2014-03-04,29,False
2014-03-05,26,False
2014-03-06,26,False
2014-03-07,24,False
2014-03-08,24,False
2014-03-09,21,False
2014-03-10,23,False
2014-03-11,20,False
2014-03-12,22,False
2014-03-13,21,False
2014-03-14,18,False
2014-03-15,21,False
2014-03-16,20,False
2014-03-17,22,False
2014-03-18,23,False
2014-03-19,21,False
2014-03-20,27,False
2014-03-21,24,False
2014-03-22,25,False
2014-03-23,24,False
2014-03-24,19,False
2014-03-25,27,False
2014-03-26,22,False
2014-03-27,26,False
2014-03-28,21,False
2014-03-29,20,False
2014-03-30,18,False
2014-03-31,17,False
2014-04-01,18,False
2014-04-02,34,False
2014-04-03,38,False
2014-04-04,37,False
2014-04-05,29,False
2014-04-06,32,False
2014-04-07,27,False
2014-04-08,29,False
2014-04-09,32,False
2014-04-10,36,False
2014-04-11,29,False
2014-04-12,32,False
2014-04-13,35,False
2014-04-14,27,False
2014-04-15,32,False
2014-04-16,41,False
2014-04-17,28,False
2014-04-18,25,False
2014-04-19,30,False
2014-04-20,21,False
2014-04-21,25,False
2014-04-22,25,False
2014-04-23,27,False
2014-04-24,25,False
2014-04-25,34,False
2014-04-26,24,False
2014-04-27,51,False
2014-04-28,68,False
2014-04-29,47,False
2014-04-30,40,False
2014-05-01,34,False
2014-05-02,36,False
2014-05-03,38,False
2014-05-04,93,False
2014-05-05,100,False
2014-05-06,86,False
2014-05-07,40,False
2014-05-08,35,False
2014-05-09,41,False
2014-05-10,26,False
2014-05-11,35,False
2014-05-12,32,False
2014-05-13,30,False
2014-05-14,26,False
2014-05-15,30,False
2014-05-16,34,False
2014-05-17,69,False
2014-05-18,65,False
2014-05-19,41,False
2014-05-20,27,False
2014-05-21,27,False
2014-05-22,23,False
2014-05-23,33,False
2014-05-24,28,False
2014-05-25,31,False
2014-05-26,28,False
2014-05-27,21,False
2014-05-28,20,False
2014-05-29,23,False
2014-05-30,23,False
2014-05-31,18,False
2014-06-01,27,False
2014-06-02,21,False
2014-06-03,22,False
2014-06-04,18,False
2014-06-05,18,False
2014-06-06,21,False
2014-06-07,18,False
2014-06-08,21,False
2014-06-09,22,False
2014-06-10,23,False
2014-06-11,21,False
2014-06-12,19,False
2014-06-13,22,False
2014-06-14,16,False
2014-06-15,18,False
2014-06-16,12,False
2014-06-17,17,False
2014-06-18,27,False
2014-06-19,20,False
2014-06-20,21,False
2014-06-21,17,False
2014-06-22,14,False
2014-06-23,19,False
2014-06-24,12,False
2014-06-25,21,False
2014-06-26,18,False
2014-06-27,14,False
2014-06-28,21,False
2014-06-29,16,False
2014-06-30,15,False
2014-07-01,14,False
2014-07-02,66,False
2014-07-03,65,False
2014-07-04,79,False
2014-07-05,55,False
2014-07-06,82,False
2014-07-07,80,False
2014-07-08,54,False
2014-07-09,75,False
2014-07-10,63,False
2014-07-11,78,False
2014-07-12,66,False
2014-07-13,70,False
2014-07-14,67,False
2014-07-15,64,False
2014-07-16,73,False
2014-07-17,56,False
2014-07-18,59,False
2014-07-19,62,False
2014-07-20,70,False
2014-07-21,57,False
2014-07-22,51,False
2014-07-23,64,False
2014-07-24,47,False
2014-07-25,63,False
2014-07-26,49,False
2014-07-27,56,False
2014-07-28,64,False
2014-07-29,51,False
2014-07-30,45,False
2014-07-31,47,False
2014-08-01,49,False
2014-08-02,60,False
2014-08-03,57,False
2014-08-04,45,False
2014-08-05,53,False
2014-08-06,50,False
2014-08-07,62,False
2014-08-08,60,False
2014-08-09,56,False
2014-08-10,43,False
2014-08-11,57,False
2014-08-12,49,False
2014-08-13,69,False
2014-08-14,80,False
2014-08-15,61,False
2014-08-16,57,False
2014-08-17,50,False
2014-08-18,46,False
2014-08-19,60,False
2014-08-20,64,False
2014-08-21,67,False
2014-08-22,54,False
2014-08-23,60,False
2014-08-24,52,False
2014-08-25,52,False
2014-08-26,85,False
2014-08-27,58,False
2014-08-28,62,False
2014-08-29,47,False
2014-08-30,47,False
2014-08-31,59,False
2014-09-01,49,False
2014-09-02,45,False
2014-09-03,52,False
2014-09-04,74,False
2014-09-05,61,False
2014-09-06,86,False
2014-09-07,67,False
2014-09-08,61,False
2014-09-09,70,False
2014-09-10,53,False
2014-09-11,95,False
2014-09-12,91,False
2014-09-13,73,False
2014-09-14,100,False
2014-09-15,95,False
2014-09-16,77,False
2014-09-17,56,False
2014-09-18,57,False
2014-09-19,58,False
2014-09-20,56,False
2014-09-21,67,False
2014-09-22,71,False
2014-09-23,49,False
2014-09-24,55,False
2014-09-25,66,False
2014-09-26,91,False
2014-09-27,97,False
2014-09-28,59,False
2014-09-29,70,False
2014-09-30,58,False
2014-10-01,65,False
2014-10-02,100,False
2014-10-03,75,False
2014-10-04,85,False
2014-10-05,79,False
2014-10-06,57,False
2014-10-07,74,False
2014-10-08,96,False
2014-10-09,64,False
2014-10-10,63,False
2014-10-11,52,False
2014-10-12,57,False
2014-10-13,53,False
2014-10-14,65,False
2014-10-15,67,False
2014-10-16,48,False
2014-10-17,65,False
2014-10-18,71,False
2014-10-19,65,False
2014-10-20,72,False
2014-10-21,66,False
2014-10-22,64,False
2014-10-23,54,False
2014-10-24,65,False
2014-10-25,73,False
2014-10-26,98,False
2014-10-27,61,False
2014-10-28,76,False
2014-10-29,62,False
2014-10-30,57,False
2014-10-31,60,False
2014-11-01,56,False
2014-11-02,79,False
2014-11-03,61,False
2014-11-04,64,False
2014-11-05,73,False
2014-11-06,53,False
2014-11-07,55,False
2014-11-08,65,False
2014-11-09,77,False
2014-11-10,86,False
2014-11-11,62,False
2014-11-12,64,False
2014-11-13,56,False
2014-11-14,55,False
2014-11-15,55,False
2014-11-16,82,False
2014-11-17,72,False
2014-11-18,65,False
2014-11-19,45,False
2014-11-20,58,False
2014-11-21,63,False
2014-11-22,57,False
2014-11-23,57,False
2014-11-24,61,False
2014-11-25,39,False
2014-11-26,40,False
2014-11-27,85,False
2014-11-28,59,False
2014-11-29,50,False
2014-11-30,40,False
2014-12-01,46,False
2014-12-02,44,False
2014-12-03,37,False
2014-12-04,54,False
2014-12-05,48,False
2014-12-06,58,False
2014-12-07,53,False
2014-12-08,49,False
2014-12-09,66,False
2014-12-10,52,False
2014-12-11,64,False
2014-12-12,73,False
2014-12-13,59,False
2014-12-14,67,False
2014-12-15,51,False
2014-12-16,57,False
2014-12-17,48,False
2014-12-18,61,False
2014-12-19,62,False
2014-12-20,71,False
2014-12-21,60,False
2014-12-22,54,False
2014-12-23,72,False
2014-12-24,70,False
2014-12-25,53,False
2014-12-26,56,False
2014-12-27,62,False
2014-12-28,55,False
2014-12-29,57,False
2014-12-30,46,False
2014-12-31,78,False
2015-01-01,62,False
2015-01-02,66,False
2015-01-03,63,False
2015-01-04,100,False
2015-01-05,91,False
2015-01-06,51,False
2015-01-07,68,False
2015-01-08,62,False
2015-01-09,60,False
2015-01-10,59,False
2015-01-11,65,False
2015-01-12,64,False
2015-01-13,67,False
2015-01-14,59,False
2015-01-15,70,False
2015-01-16,78,False
2015-01-17,52,False
2015-01-18,62,False
2015-01-19,67,False
2015-01-20,71,False
2015-01-21,53,False
2015-01-22,45,False
2015-01-23,47,False
2015-01-24,65,False
2015-01-25,69,False
2015-01-26,51,False
2015-01-27,47,False
2015-01-28,69,False
2015-01-29,44,False
2015-01-30,47,False
2015-01-31,62,False
2015-02-01,55,False
2015-02-02,70,False
2015-02-03,43,False
2015-02-04,47,False
2015-02-05,48,False
2015-02-06,44,False
2015-02-07,53,False
2015-02-08,58,False
2015-02-09,45,False
2015-02-10,69,False
2015-02-11,45,False
2015-02-12,58,False
2015-02-13,59,False
2015-02-14,52,False
2015-02-15,63,False
2015-02-16,51,False
2015-02-17,39,False
2015-02-18,41,False
2015-02-19,53,False
2015-02-20,54,False
2015-02-21,64,False
2015-02-22,76,False
2015-02-23,45,False
2015-02-24,41,False
2015-02-25,54,False
2015-02-26,63,False
2015-02-27,59,False
2015-02-28,48,False
2015-03-01,61,False
2015-03-02,41,False
2015-03-03,63,False
2015-03-04,48,False
2015-03-05,35,False
2015-03-06,46,False
2015-03-07,55,False
2015-03-08,44,False
2015-03-09,40,False
2015-03-10,54,False
2015-03-11,67,False
2015-03-12,46,False
2015-03-13,31,False
2015-03-14,78,False
2015-03-15,38,False
2015-03-16,48,False
2015-03-17,47,False
2015-03-18,47,False
2015-03-19,51,False
2015-03-20,37,False
2015-03-21,39,False
2015-03-22,51,False
2015-03-23,36,False
2015-03-24,42,False
2015-03-25,35,False
2015-03-26,71,False
2015-03-27,31,False
2015-03-28,43,False
2015-03-29,49,False
2015-03-30,38,False
2015-03-31,31,False
2015-04-01,62,False
2015-04-02,53,False
2015-04-03,73,False
2015-04-04,64,False
2015-04-05,74,False
2015-04-06,57,False
2015-04-07,66,False
2015-04-08,46,False
2015-04-09,60,False
2015-04-10,71,False
2015-04-11,40,False
2015-04-12,54,False
2015-04-13,37,False
2015-04-14,52,False
2015-04-15,63,False
2015-04-16,49,False
2015-04-17,43,False
2015-04-18,50,False
2015-04-19,39,False
2015-04-20,49,False
2015-04-21,63,False
2015-04-22,55,False
2015-04-23,42,False
2015-04-24,71,False
2015-04-25,37,False
2015-04-26,57,False
2015-04-27,43,False
2015-04-28,47,False
2015-04-29,46,False
2015-04-30,51,False
2015-05-01,51,False
2015-05-02,47,False
2015-05-03,60,False
2015-05-04,39,False
2015-05-05,58,False
2015-05-06,66,False
2015-05-07,48,False
2015-05-08,39,False
2015-05-09,27,False
2015-05-10,37,False
2015-05-11,51,False
2015-05-12,57,False
2015-05-13,47,False
2015-05-14,49,False
2015-05-15,52,False
2015-05-16,51,False
2015-05-17,65,False
2015-05-18,35,False
2015-05-19,49,False
2015-05-20,51,False
2015-05-21,48,False
2015-05-22,43,False
2015-05-23,57,False
2015-05-24,47,False
2015-05-25,70,False
2015-05-26,43,False
2015-05-27,68,False
2015-05-28,54,False
2015-05-29,61,False
2015-05-30,52,False
2015-05-31,41,False
2015-06-01,59,False
2015-06-02,33,False
2015-06-03,60,False
2015-06-04,81,False
2015-06-05,55,False
2015-06-06,32,False
2015-06-07,65,False
2015-06-08,30,False
2015-06-09,53,False
2015-06-10,47,False
2015-06-11,35,False
2015-06-12,39,False
2015-06-13,40,False
2015-06-14,59,False
2015-06-15,50,False
2015-06-16,47,False
2015-06-17,56,False
2015-06-18,35,False
2015-06-19,60,False
2015-06-20,65,False
2015-06-21,35,False
2015-06-22,59,False
2015-06-23,57,False
2015-06-24,53,False
2015-06-25,48,False
2015-06-26,46,False
2015-06-27,59,False
2015-06-28,100,False
2015-06-29,45,False
2015-06-30,83,False
2015-07-01,51,False
2015-07-02,68,False
2015-07-03,55,False
2015-07-04,81,False
2015-07-05,55,False
2015-07-06,78,False
2015-07-07,66,False
2015-07-08,85,False
2015-07-09,67,False
2015-07-10,84,False
2015-07-11,96,False
2015-07-12,70,False
2015-07-13,68,False
2015-07-14,67,False
2015-07-15,64,False
2015-07-16,60,False
2015-07-17,45,False
2015-07-18,69,False
2015-07-19,55,False
2015-07-20,56,False
2015-07-21,87,False
2015-07-22,30,False
2015-07-23,48,False
2015-07-24,50,False
2015-07-25,45,False
2015-07-26,41,False
2015-07-27,61,False
2015-07-28,47,False
2015-07-29,62,False
2015-07-30,45,False
2015-07-31,45,False
2015-08-01,22,False
2015-08-02,45,False
2015-08-03,37,False
2015-08-04,64,False
2015-08-05,46,False
2015-08-06,40,False
2015-08-07,56,False
2015-08-08,54,False
2015-08-09,48,False
2015-08-10,64,False
2015-08-11,45,False
2015-08-12,57,False
2015-08-13,48,False
2015-08-14,61,False
2015-08-15,67,False
2015-08-16,62,False
2015-08-17,34,False
2015-08-18,44,False
2015-08-19,61,False
2015-08-20,56,False
2015-08-21,52,False
2015-08-22,100,False
2015-08-23,37,False
2015-08-24,54,False
2015-08-25,54,False
2015-08-26,57,False
2015-08-27,57,False
2015-08-28,60,False
2015-08-29,62,False
2015-08-30,40,False
2015-08-31,38,False
2015-09-01,51,False
2015-09-02,49,False
2015-09-03,29,False
2015-09-04,72,False
2015-09-05,66,False
2015-09-06,67,False
2015-09-07,48,False
2015-09-08,53,False
2015-09-09,48,False
2015-09-10,38,False
2015-09-11,45,False
2015-09-12,57,False
2015-09-13,58,False
2015-09-14,38,False
2015-09-15,35,False
2015-09-16,35,False
2015-09-17,45,False
2015-09-18,54,False
2015-09-19,47,False
2015-09-20,59,False
2015-09-21,60,False
2015-09-22,70,False
2015-09-23,45,False
2015-09-24,39,False
2015-09-25,41,False
2015-09-26,33,False
2015-09-27,44,False
2015-09-28,72,False
2015-09-29,53,False
2015-09-30,78,False
2015-10-01,40,False
2015-10-02,37,False
2015-10-03,48,False
2015-10-04,65,False
2015-10-05,53,False
2015-10-06,50,False
2015-10-07,52,False
2015-10-08,50,False
2015-10-09,34,False
2015-10-10,24,False
2015-10-11,69,False
2015-10-12,52,False
2015-10-13,54,False
2015-10-14,53,False
2015-10-15,76,False
2015-10-16,50,False
2015-10-17,68,False
2015-10-18,61,False
2015-10-19,59,False
2015-10-20,59,False
2015-10-21,55,False
2015-10-22,47,False
2015-10-23,61,False
2015-10-24,44,False
2015-10-25,65,False
2015-10-26,66,False
2015-10-27,50,False
2015-10-28,55,False
2015-10-29,55,False
2015-10-30,71,False
2015-10-31,36,False
2015-11-01,56,False
2015-11-02,55,False
2015-11-03,97,False
2015-11-04,92,False
2015-11-05,85,False
2015-11-06,65,False
2015-11-07,58,False
2015-11-08,84,False
2015-11-09,80,False
2015-11-10,63,False
2015-11-11,56,False
2015-11-12,67,False
2015-11-13,68,False
2015-11-14,70,False
2015-11-15,72,False
2015-11-16,67,False
2015-11-17,44,False
2015-11-18,60,False
2015-11-19,43,False
2015-11-20,50,False
2015-11-21,29,False
2015-11-22,58,False
2015-11-23,50,False
2015-11-24,54,False
2015-11-25,46,False
2015-11-26,60,False
2015-11-27,47,False
2015-11-28,53,False
2015-11-29,46,False
2015-11-30,41,False
2015-12-01,47,False
2015-12-02,55,False
2015-12-03,40,False
2015-12-04,75,False
2015-12-05,44,False
2015-12-06,73,False
2015-12-07,62,False
2015-12-08,100,False
2015-12-09,96,False
2015-12-10,76,False
2015-12-11,65,False
2015-12-12,89,False
2015-12-13,71,False
2015-12-14,76,False
2015-12-15,75,False
2015-12-16,96,False
2015-12-17,77,False
2015-12-18,67,False
2015-12-19,62,False
2015-12-20,89,False
2015-12-21,53,False
2015-12-22,84,False
2015-12-23,57,False
2015-12-24,60,False
2015-12-25,52,False
2015-12-26,63,False
2015-12-27,68,False
2015-12-28,51,False
2015-12-29,54,False
2015-12-30,40,False
2015-12-31,50,False
2016-01-01,47,False
2016-01-02,34,False
2016-01-03,53,False
2016-01-04,19,False
2016-01-05,44,False
2016-01-06,39,False
2016-01-07,40,False
2016-01-08,41,False
2016-01-09,50,False
2016-01-10,50,False
2016-01-11,42,False
2016-01-12,37,False
2016-01-13,52,False
2016-01-14,42,False
2016-01-15,31,False
2016-01-16,32,False
2016-01-17,46,False
2016-01-18,48,False
2016-01-19,25,False
2016-01-20,52,False
2016-01-21,40,False
2016-01-22,51,False
2016-01-23,45,False
2016-01-24,48,False
2016-01-25,42,False
2016-01-26,89,False
2016-01-27,100,False
2016-01-28,51,False
2016-01-29,51,False
2016-01-30,51,False
2016-01-31,62,False
2016-02-01,34,False
2016-02-02,42,False
2016-02-03,47,False
2016-02-04,43,False
2016-02-05,48,False
2016-02-06,31,False
2016-02-07,51,False
2016-02-08,54,False
2016-02-09,48,False
2016-02-10,30,False
2016-02-11,51,False
2016-02-12,39,False
2016-02-13,41,False
2016-02-14,46,False
2016-02-15,55,False
2016-02-16,41,False
2016-02-17,37,False
2016-02-18,37,False
2016-02-19,34,False
2016-02-20,43,False
2016-02-21,46,False
2016-02-22,39,False
2016-02-23,34,False
2016-02-24,42,False
2016-02-25,41,False
2016-02-26,41,False
2016-02-27,46,False
2016-02-28,37,False
2016-02-29,47,False
2016-03-01,28,False
2016-03-02,52,False
2016-03-03,50,False
2016-03-04,38,False
2016-03-05,41,False
2016-03-06,26,False
2016-03-07,26,False
2016-03-08,41,False
2016-03-09,31,False
2016-03-10,53,False
2016-03-11,41,False
2016-03-12,40,False
2016-03-13,44,False
2016-03-14,51,False
2016-03-15,25,False
2016-03-16,37,False
2016-03-17,31,False
2016-03-18,26,False
2016-03-19,36,False
2016-03-20,32,False
2016-03-21,36,False
2016-03-22,41,False
2016-03-23,37,False
2016-03-24,33,False
2016-03-25,33,False
2016-03-26,39,False
2016-03-27,51,False
2016-03-28,36,False
2016-03-29,32,False
2016-03-30,66,False
2016-03-31,70,False
2016-04-01,76,False
2016-04-02,71,False
2016-04-03,79,False
2016-04-04,96,False
2016-04-05,62,False
2016-04-06,55,False
2016-04-07,78,False
2016-04-08,43,False
2016-04-09,68,False
2016-04-10,100,False
2016-04-11,71,False
2016-04-12,41,False
2016-04-13,79,False
2016-04-14,84,False
2016-04-15,55,False
2016-04-16,52,False
2016-04-17,86,False
2016-04-18,41,False
2016-04-19,69,False
2016-04-20,33,False
2016-04-21,73,False
2016-04-22,73,False
2016-04-23,45,False
2016-04-24,76,False
2016-04-25,63,False
2016-04-26,90,False
2016-04-27,78,False
2016-04-28,50,False
2016-04-29,80,False
2016-04-30,66,False
2016-05-01,91,False
2016-05-02,74,False
2016-05-03,64,False
2016-05-04,67,False
2016-05-05,87,False
2016-05-06,69,False
2016-05-07,69,False
2016-05-08,59,False
2016-05-09,59,False
2016-05-10,60,False
2016-05-11,47,False
2016-05-12,81,False
2016-05-13,49,False
2016-05-14,67,False
2016-05-15,66,False
2016-05-16,70,False
2016-05-17,66,False
2016-05-18,83,False
2016-05-19,84,False
2016-05-20,53,False
2016-05-21,80,False
2016-05-22,71,False
2016-05-23,80,False
2016-05-24,53,False
2016-05-25,77,False
2016-05-26,47,False
2016-05-27,76,False
2016-05-28,40,False
2016-05-29,69,False
2016-05-30,63,False
2016-05-31,48,False
2016-06-01,50,False
2016-06-02,54,False
2016-06-03,47,False
2016-06-04,60,False
2016-06-05,81,False
2016-06-06,80,False
2016-06-07,75,False
2016-06-08,40,False
2016-06-09,43,False
2016-06-10,76,False
2016-06-11,63,False
2016-06-12,64,False
2016-06-13,91,False
2016-06-14,69,False
2016-06-15,86,False
2016-06-16,68,False
2016-06-17,86,False
2016-06-18,77,False
2016-06-19,79,False
2016-06-20,44,False
2016-06-21,53,False
2016-06-22,79,False
2016-06-23,35,False
2016-06-24,92,False
2016-06-25,60,False
2016-06-26,83,False
2016-06-27,64,False
2016-06-28,80,False
2016-06-29,88,False
2016-06-30,51,False
2016-07-01,86,False
2016-07-02,92,False
2016-07-03,89,False
2016-07-04,71,False
2016-07-05,74,False
2016-07-06,65,False
2016-07-07,57,False
2016-07-08,52,False
2016-07-09,55,False
2016-07-10,49,False
2016-07-11,71,False
2016-07-12,60,False
2016-07-13,56,False
2016-07-14,48,False
2016-07-15,84,False
2016-07-16,37,False
2016-07-17,63,False
2016-07-18,81,False
2016-07-19,60,False
2016-07-20,43,False
2016-07-21,40,False
2016-07-22,78,False
2016-07-23,91,False
2016-07-24,67,False
2016-07-25,71,False
2016-07-26,71,False
2016-07-27,74,False
2016-07-28,58,False
2016-07-29,59,False
2016-07-30,54,False
2016-07-31,70,False
2016-08-01,35,False
2016-08-02,67,False
2016-08-03,50,False
2016-08-04,68,False
2016-08-05,73,False
2016-08-06,100,False
2016-08-07,51,False
2016-08-08,54,False
2016-08-09,43,False
2016-08-10,66,False
2016-08-11,41,False
2016-08-12,65,False
2016-08-13,51,False
2016-08-14,52,False
2016-08-15,58,False
2016-08-16,49,False
2016-08-17,56,False
2016-08-18,41,False
2016-08-19,47,False
2016-08-20,69,False
2016-08-21,94,False
2016-08-22,63,False
2016-08-23,59,False
2016-08-24,98,False
2016-08-25,73,False
2016-08-26,84,False
2016-08-27,49,False
2016-08-28,61,False
2016-08-29,69,False
2016-08-30,38,False
2016-08-31,90,False
2016-09-01,53,False
2016-09-02,69,False
2016-09-03,72,False
2016-09-04,55,False
2016-09-05,67,False
2016-09-06,55,False
2016-09-07,79,False
2016-09-08,63,False
2016-09-09,44,False
2016-09-10,49,False
2016-09-11,44,False
2016-09-12,60,False
2016-09-13,59,False
2016-09-14,69,False
2016-09-15,70,False
2016-09-16,43,False
2016-09-17,75,False
2016-09-18,77,False
2016-09-19,82,False
2016-09-20,37,False
2016-09-21,57,False
2016-09-22,56,False
2016-09-23,57,False
2016-09-24,44,False
2016-09-25,63,False
2016-09-26,66,False
2016-09-27,68,False
2016-09-28,31,False
2016-09-29,39,False
2016-09-30,58,False
2016-10-01,59,False
2016-10-02,61,False
2016-10-03,46,False
2016-10-04,72,False
2016-10-05,41,False
2016-10-06,46,False
2016-10-07,46,False
2016-10-08,39,False
2016-10-09,68,False
2016-10-10,34,False
2016-10-11,53,False
2016-10-12,45,False
2016-10-13,68,False
2016-10-14,51,False
2016-10-15,30,False
2016-10-16,53,False
2016-10-17,51,False
2016-10-18,49,False
2016-10-19,54,False
2016-10-20,43,False
2016-10-21,64,False
2016-10-22,46,False
2016-10-23,42,False
2016-10-24,51,False
2016-10-25,43,False
2016-10-26,65,False
2016-10-27,65,False
2016-10-28,68,False
2016-10-29,68,False
2016-10-30,60,False
2016-10-31,42,False
2016-11-01,37,False
2016-11-02,47,False
2016-11-03,51,False
2016-11-04,56,False
2016-11-05,38,False
2016-11-06,60,False
2016-11-07,48,False
2016-11-08,35,False
2016-11-09,44,False
2016-11-10,44,False
2016-11-11,27,False
2016-11-12,41,False
2016-11-13,49,False
2016-11-14,59,False
2016-11-15,58,False
2016-11-16,40,False
2016-11-17,49,False
2016-11-18,62,False
2016-11-19,46,False
2016-11-20,42,False
2016-11-21,53,False
2016-11-22,35,False
2016-11-23,58,False
2016-11-24,66,False
2016-11-25,47,False
2016-11-26,51,False
2016-11-27,45,False
2016-11-28,36,False
2016-11-29,41,False
2016-11-30,57,False
2016-12-01,58,False
2016-12-02,51,False
2016-12-03,79,False
2016-12-04,27,False
2016-12-05,78,False
2016-12-06,58,False
2016-12-07,46,False
2016-12-08,43,False
2016-12-09,41,False
2016-12-10,43,False
2016-12-11,68,False
2016-12-12,38,False
2016-12-13,44,False
2016-12-14,61,False
2016-12-15,40,False
2016-12-16,50,False
2016-12-17,53,False
2016-12-18,43,False
2016-12-19,56,False
2016-12-20,51,False
2016-12-21,53,False
2016-12-22,53,False
2016-12-23,55,False
2016-12-24,47,False
2016-12-25,68,False
2016-12-26,100,False
2016-12-27,64,False
2016-12-28,64,False
2016-12-29,71,False
2016-12-30,82,False
2016-12-31,62,False
2017-01-01,81,False
2017-01-02,89,False
2017-01-03,76,False
2017-01-04,95,False
2017-01-05,65,False
2017-01-06,88,False
2017-01-07,59,False
2017-01-08,82,False
2017-01-09,49,False
2017-01-10,58,False
2017-01-11,74,False
2017-01-12,54,False
2017-01-13,53,False
2017-01-14,49,False
2017-01-15,60,False
2017-01-16,49,False
2017-01-17,64,False
2017-01-18,56,False
2017-01-19,62,False
2017-01-20,44,False
2017-01-21,73,False
2017-01-22,65,False
2017-01-23,71,False
2017-01-24,69,False
2017-01-25,55,False
2017-01-26,53,False
2017-01-27,25,False
2017-01-28,76,False
2017-01-29,49,False
2017-01-30,58,False
2017-01-31,71,False
2017-02-01,51,False
2017-02-02,66,False
2017-02-03,57,False
2017-02-04,65,False
2017-02-05,57,False
2017-02-06,58,False
2017-02-07,52,False
2017-02-08,46,False
2017-02-09,48,False
2017-02-10,44,False
2017-02-11,52,False
2017-02-12,83,False
2017-02-13,39,False
2017-02-14,45,False
2017-02-15,64,False
2017-02-16,53,False
2017-02-17,72,False
2017-02-18,39,False
2017-02-19,79,False
2017-02-20,52,False
2017-02-21,64,False
2017-02-22,75,False
2017-02-23,67,False
2017-02-24,63,False
2017-02-25,91,False
2017-02-26,76,False
2017-02-27,55,False
2017-02-28,62,False
2017-03-01,52,False
2017-03-02,89,False
2017-03-03,65,False
2017-03-04,66,False
2017-03-05,58,False
2017-03-06,57,False
2017-03-07,41,False
2017-03-08,56,False
2017-03-09,56,False
2017-03-10,47,False
2017-03-11,74,False
2017-03-12,75,False
2017-03-13,82,False
2017-03-14,74,False
2017-03-15,67,False
2017-03-16,100,False
2017-03-17,59,False
2017-03-18,69,False
2017-03-19,57,False
2017-03-20,86,False
2017-03-21,71,False
2017-03-22,46,False
2017-03-23,68,False
2017-03-24,94,False
2017-03-25,76,False
2017-03-26,71,False
2017-03-27,76,False
2017-03-28,77,False
2017-03-29,17,False
2017-03-30,14,False
2017-03-31,20,False
2017-04-01,17,False
2017-04-02,21,False
2017-04-03,28,False
2017-04-04,21,False
2017-04-05,13,False
2017-04-06,16,False
2017-04-07,13,False
2017-04-08,20,False
2017-04-09,19,False
2017-04-10,17,False
2017-04-11,17,False
2017-04-12,19,False
2017-04-13,18,False
2017-04-14,22,False
2017-04-15,17,False
2017-04-16,18,False
2017-04-17,16,False
2017-04-18,8,False
2017-04-19,16,False
2017-04-20,15,False
2017-04-21,12,False
2017-04-22,18,False
2017-04-23,15,False
2017-04-24,12,False
2017-04-25,15,False
2017-04-26,22,False
2017-04-27,20,False
2017-04-28,27,False
2017-04-29,31,False
2017-04-30,25,False
2017-05-01,19,False
2017-05-02,19,False
2017-05-03,27,False
2017-05-04,31,False
2017-05-05,33,False
2017-05-06,34,False
2017-05-07,66,False
2017-05-08,39,False
2017-05-09,38,False
2017-05-10,44,False
2017-05-11,38,False
2017-05-12,40,False
2017-05-13,38,False
2017-05-14,37,False
2017-05-15,27,False
2017-05-16,22,False
2017-05-17,34,False
2017-05-18,39,False
2017-05-19,40,False
2017-05-20,42,False
2017-05-21,76,False
2017-05-22,100,False
2017-05-23,96,False
2017-05-24,84,False
2017-05-25,79,False
2017-05-26,61,False
2017-05-27,59,False
2017-05-28,49,False
2017-05-29,50,False
2017-05-30,49,False
2017-05-31,48,False
2017-06-01,49,False
2017-06-02,43,False
2017-06-03,51,False
2017-06-04,54,False
2017-06-05,52,False
2017-06-06,65,False
2017-06-07,59,False
2017-06-08,48,False
2017-06-09,53,False
2017-06-10,48,False
2017-06-11,56,False
2017-06-12,49,False
2017-06-13,47,False
2017-06-14,46,False
2017-06-15,46,False
2017-06-16,45,False
2017-06-17,52,False
2017-06-18,48,False
2017-06-19,44,False
2017-06-20,50,False
2017-06-21,49,False
2017-06-22,48,False
2017-06-23,60,False
2017-06-24,42,False
2017-06-25,47,False
2017-06-26,50,False
2017-06-27,43,False
2017-06-28,65,False
2017-06-29,72,False
2017-06-30,55,False
2017-07-01,77,False
2017-07-02,51,False
2017-07-03,49,False
2017-07-04,47,False
2017-07-05,66,False
2017-07-06,52,False
2017-07-07,54,False
2017-07-08,59,False
2017-07-09,58,False
2017-07-10,50,False
2017-07-11,61,False
2017-07-12,46,False
2017-07-13,53,False
2017-07-14,56,False
2017-07-15,64,False
2017-07-16,60,False
2017-07-17,59,False
2017-07-18,58,False
2017-07-19,55,False
2017-07-20,55,False
2017-07-21,51,False
2017-07-22,56,False
2017-07-23,61,False
2017-07-24,38,False
2017-07-25,55,False
2017-07-26,51,False
2017-07-27,47,False
2017-07-28,49,False
2017-07-29,40,False
2017-07-30,55,False
2017-07-31,59,False
2017-08-01,49,False
2017-08-02,52,False
2017-08-03,49,False
2017-08-04,48,False
2017-08-05,78,False
2017-08-06,66,False
2017-08-07,56,False
2017-08-08,59,False
2017-08-09,57,False
2017-08-10,57,False
2017-08-11,50,False
2017-08-12,61,False
2017-08-13,66,False
2017-08-14,65,False
2017-08-15,66,False
2017-08-16,62,False
2017-08-17,68,False
2017-08-18,51,False
2017-08-19,67,False
2017-08-20,55,False
2017-08-21,50,False
2017-08-22,69,False
2017-08-23,66,False
2017-08-24,54,False
2017-08-25,53,False
2017-08-26,70,False
2017-08-27,64,False
2017-08-28,56,False
2017-08-29,62,False
2017-08-30,58,False
2017-08-31,89,False
2017-09-01,80,False
2017-09-02,100,False
2017-09-03,81,False
2017-09-04,75,False
2017-09-05,66,False
2017-09-06,56,False
2017-09-07,78,False
2017-09-08,57,False
2017-09-09,55,False
2017-09-10,56,False
2017-09-11,50,False
2017-09-12,56,False
2017-09-13,57,False
2017-09-14,72,False
2017-09-15,82,False
2017-09-16,67,False
2017-09-17,68,False
2017-09-18,65,False
2017-09-19,55,False
2017-09-20,57,False
2017-09-21,62,False
2017-09-22,58,False
2017-09-23,69,False
2017-09-24,70,False
2017-09-25,67,False
2017-09-26,67,False
2017-09-27,9,False
2017-09-28,9,False
2017-09-29,7,False
2017-09-30,9,False
2017-10-01,10,False
2017-10-02,9,False
2017-10-03,8,False
2017-10-04,9,False
2017-10-05,9,False
2017-10-06,7,False
2017-10-07,10,False
2017-10-08,9,False
2017-10-09,9,False
2017-10-10,9,False
2017-10-11,9,False
2017-10-12,10,False
2017-10-13,13,False
2017-10-14,13,False
2017-10-15,11,False
2017-10-16,13,False
2017-10-17,10,False
2017-10-18,10,False
2017-10-19,9,False
2017-10-20,12,False
2017-10-21,11,False
2017-10-22,12,False
2017-10-23,9,False
2017-10-24,11,False
2017-10-25,11,False
2017-10-26,9,False
2017-10-27,9,False
2017-10-28,10,False
2017-10-29,12,False
2017-10-30,12,False
2017-10-31,10,False
2017-11-01,11,False
2017-11-02,13,False
2017-11-03,13,False
2017-11-04,13,False
2017-11-05,11,False
2017-11-06,15,False
2017-11-07,13,False
2017-11-08,11,False
2017-11-09,14,False
2017-11-10,13,False
2017-11-11,13,False
2017-11-12,11,False
2017-11-13,12,False
2017-11-14,12,False
2017-11-15,13,False
2017-11-16,14,False
2017-11-17,13,False
2017-11-18,13,False
2017-11-19,12,False
2017-11-20,14,False
2017-11-21,13,False
2017-11-22,18,False
2017-11-23,25,False
2017-11-24,21,False
2017-11-25,19,False
2017-11-26,18,False
2017-11-27,23,False
2017-11-28,21,False
2017-11-29,30,False
2017-11-30,20,False
2017-12-01,24,False
2017-12-02,21,False
2017-12-03,22,False
2017-12-04,21,False
2017-12-05,25,False
2017-12-06,26,False
2017-12-07,36,False
2017-12-08,35,False
2017-12-09,35,False
2017-12-10,31,False
2017-12-11,31,False
2017-12-12,52,False
2017-12-13,57,False
2017-12-14,49,False
2017-12-15,44,False
2017-12-16,73,False
2017-12-17,88,False
2017-12-18,60,False
2017-12-19,64,False
2017-12-20,56,False
2017-12-21,82,False
2017-12-22,62,False
2017-12-23,61,False
2017-12-24,67,False
2017-12-25,100,False
2017-12-26,66,False
2017-12-27,43,False
2017-12-28,34,False
2017-12-29,35,False
2017-12-30,35,False
2017-12-31,32,False
2018-01-01,31,False
2018-01-02,34,False
2018-01-03,38,False
2018-01-04,39,False
2018-01-05,53,False
2018-01-06,100,False
2018-01-07,82,False
2018-01-08,97,False
2018-01-09,76,False
2018-01-10,57,False
2018-01-11,47,False
2018-01-12,43,False
2018-01-13,40,False
2018-01-14,31,False
2018-01-15,33,False
2018-01-16,34,False
2018-01-17,32,False
2018-01-18,31,False
2018-01-19,28,False
2018-01-20,26,False
2018-01-21,24,False
2018-01-22,23,False
2018-01-23,19,False
2018-01-24,22,False
2018-01-25,22,False
2018-01-26,20,False
2018-01-27,21,False
2018-01-28,21,False
2018-01-29,18,False
2018-01-30,17,False
2018-01-31,16,False
2018-02-01,16,False
2018-02-02,17,False
2018-02-03,18,False
2018-02-04,15,False
2018-02-05,16,False
2018-02-06,16,False
2018-02-07,16,False
2018-02-08,16,False
2018-02-09,15,False
2018-02-10,14,False
2018-02-11,11,False
2018-02-12,14,False
2018-02-13,11,False
2018-02-14,18,False
2018-02-15,18,False
2018-02-16,18,False
2018-02-17,16,False
2018-02-18,14,False
2018-02-19,13,False
2018-02-20,18,False
2018-02-21,16,False
2018-02-22,12,False
2018-02-23,13,False
2018-02-24,12,False
2018-02-25,10,False
2018-02-26,10,False
2018-02-27,11,False
2018-02-28,10,False
2018-03-01,9,False
2018-03-02,10,False
2018-03-03,10,False
2018-03-04,10,False
2018-03-05,11,False
2018-03-06,11,False
2018-03-07,10,False
2018-03-08,11,False
2018-03-09,9,False
2018-03-10,11,False
2018-03-11,8,False
2018-03-12,12,False
2018-03-13,11,False
2018-03-14,9,False
2018-03-15,9,False
2018-03-16,9,False
2018-03-17,8,False
2018-03-18,10,False
2018-03-19,10,False
2018-03-20,8,False
2018-03-21,9,False
2018-03-22,8,False
2018-03-23,8,False
2018-03-24,7,False
2018-03-25,8,False
2018-03-26,7,False
2018-03-27,9,False
2018-03-28,56,False
2018-03-29,75,False
2018-03-30,76,False
2018-03-31,81,False
2018-04-01,75,False
2018-04-02,82,False
2018-04-03,78,False
2018-04-04,57,False
2018-04-05,76,False
2018-04-06,80,False
2018-04-07,67,False
2018-04-08,81,False
2018-04-09,62,False
2018-04-10,63,False
2018-04-11,81,False
2018-04-12,77,False
2018-04-13,85,False
2018-04-14,76,False
2018-04-15,84,False
2018-04-16,92,False
2018-04-17,76,False
2018-04-18,95,False
2018-04-19,99,False
2018-04-20,100,False
2018-04-21,92,False
2018-04-22,95,False
2018-04-23,88,False
2018-04-24,93,False
2018-04-25,79,False
2018-04-26,76,False
2018-04-27,69,False
2018-04-28,88,False
2018-04-29,65,False
2018-04-30,83,False
2018-05-01,66,False
2018-05-02,73,False
2018-05-03,68,False
2018-05-04,90,False
2018-05-05,61,False
2018-05-06,64,False
2018-05-07,82,False
2018-05-08,89,False
2018-05-09,75,False
2018-05-10,60,False
2018-05-11,71,False
2018-05-12,70,False
2018-05-13,66,False
2018-05-14,60,False
2018-05-15,58,False
2018-05-16,60,False
2018-05-17,72,False
2018-05-18,54,False
2018-05-19,64,False
2018-05-20,57,False
2018-05-21,59,False
2018-05-22,61,False
2018-05-23,78,False
2018-05-24,71,False
2018-05-25,54,False
2018-05-26,59,False
2018-05-27,63,False
2018-05-28,64,False
2018-05-29,57,False
2018-05-30,63,False
2018-05-31,52,False
2018-06-01,59,False
2018-06-02,70,False
2018-06-03,66,False
2018-06-04,63,False
2018-06-05,64,False
2018-06-06,49,False
2018-06-07,60,False
2018-06-08,65,False
2018-06-09,60,False
2018-06-10,72,False
2018-06-11,69,False
2018-06-12,56,False
2018-06-13,60,False
2018-06-14,51,False
2018-06-15,58,False
2018-06-16,51,False
2018-06-17,54,False
2018-06-18,51,False
2018-06-19,47,False
2018-06-20,46,False
2018-06-21,54,False
2018-06-22,38,False
2018-06-23,62,False
2018-06-24,55,False
2018-06-25,37,False
2018-06-26,48,False
2018-06-27,8,False
2018-06-28,9,False
2018-06-29,9,False
2018-06-30,13,False
2018-07-01,9,False
2018-07-02,8,False
2018-07-03,10,False
2018-07-04,10,False
2018-07-05,8,False
2018-07-06,8,False
2018-07-07,9,False
2018-07-08,12,False
2018-07-09,10,False
2018-07-10,10,False
2018-07-11,10,False
2018-07-12,9,False
2018-07-13,9,False
2018-07-14,8,False
2018-07-15,11,False
2018-07-16,17,False
2018-07-17,30,False
2018-07-18,40,False
2018-07-19,39,False
2018-07-20,27,False
2018-07-21,18,False
2018-07-22,20,False
2018-07-23,23,False
2018-07-24,19,False
2018-07-25,18,False
2018-07-26,18,False
2018-07-27,15,False
2018-07-28,14,False
2018-07-29,17,False
2018-07-30,14,False
2018-07-31,15,False
2018-08-01,13,False
2018-08-02,15,False
2018-08-03,17,False
2018-08-04,15,False
2018-08-05,11,False
2018-08-06,15,False
2018-08-07,12,False
2018-08-08,15,False
2018-08-09,17,False
2018-08-10,12,False
2018-08-11,17,False
2018-08-12,13,False
2018-08-13,13,False
2018-08-14,14,False
2018-08-15,13,False
2018-08-16,11,False
2018-08-17,12,False
2018-08-18,15,False
2018-08-19,12,False
2018-08-20,13,False
2018-08-21,11,False
2018-08-22,15,False
2018-08-23,13,False
2018-08-24,15,False
2018-08-25,10,False
2018-08-26,13,False
2018-08-27,13,False
2018-08-28,16,False
2018-08-29,18,False
2018-08-30,32,False
2018-08-31,62,False
2018-09-01,100,False
2018-09-02,62,False
2018-09-03,41,False
2018-09-04,43,False
2018-09-05,55,False
2018-09-06,34,False
2018-09-07,31,False
2018-09-08,37,False
2018-09-09,29,False
2018-09-10,48,False
2018-09-11,44,False
2018-09-12,37,False
2018-09-13,35,False
2018-09-14,25,False
2018-09-15,23,False
2018-09-16,22,False
2018-09-17,23,False
2018-09-18,24,False
2018-09-19,25,False
2018-09-20,17,False
2018-09-21,20,False
2018-09-22,17,False
2018-09-23,18,False
2018-09-24,17,False
2018-09-25,15,False
2018-09-26,86,False
2018-09-27,88,False
2018-09-28,82,False
2018-09-29,80,False
2018-09-30,71,False
2018-10-01,82,False
2018-10-02,66,False
2018-10-03,69,False
2018-10-04,70,False
2018-10-05,70,False
2018-10-06,52,False
2018-10-07,63,False
2018-10-08,57,False
2018-10-09,79,False
2018-10-10,65,False
2018-10-11,87,False
2018-10-12,73,False
2018-10-13,65,False
2018-10-14,60,False
2018-10-15,53,False
2018-10-16,73,False
2018-10-17,89,False
2018-10-18,70,False
2018-10-19,64,False
2018-10-20,60,False
2018-10-21,51,False
2018-10-22,54,False
2018-10-23,71,False
2018-10-24,67,False
2018-10-25,59,False
2018-10-26,62,False
2018-10-27,69,False
2018-10-28,59,False
2018-10-29,50,False
2018-10-30,62,False
2018-10-31,48,False
2018-11-01,60,False
2018-11-02,53,False
2018-11-03,53,False
2018-11-04,66,False
2018-11-05,65,False
2018-11-06,54,False
2018-11-07,57,False
2018-11-08,54,False
2018-11-09,75,False
2018-11-10,55,False
2018-11-11,55,False
2018-11-12,53,False
2018-11-13,61,False
2018-11-14,61,False
2018-11-15,77,False
2018-11-16,54,False
2018-11-17,53,False
2018-11-18,64,False
2018-11-19,59,False
2018-11-20,79,False
2018-11-21,60,False
2018-11-22,55,False
2018-11-23,55,False
2018-11-24,62,False
2018-11-25,49,False
2018-11-26,65,False
2018-11-27,57,False
2018-11-28,62,False
2018-11-29,57,False
2018-11-30,57,False
2018-12-01,56,False
2018-12-02,45,False
2018-12-03,53,False
2018-12-04,67,False
2018-12-05,65,False
2018-12-06,58,False
2018-12-07,70,False
2018-12-08,35,False
2018-12-09,58,False
2018-12-10,47,False
2018-12-11,53,False
2018-12-12,44,False
2018-12-13,46,False
2018-12-14,48,False
2018-12-15,42,False
2018-12-16,50,False
2018-12-17,81,False
2018-12-18,100,False
2018-12-19,75,False
2018-12-20,54,False
2018-12-21,66,False
2018-12-22,57,False
2018-12-23,55,False
2018-12-24,65,False
2018-12-25,50,False
2018-12-26,80,False
2018-12-27,86,False
2018-12-28,66,False
2018-12-29,93,False
2018-12-30,78,False
2018-12-31,63,False
2019-01-01,88,False
2019-01-02,63,False
2019-01-03,87,False
2019-01-04,67,False
2019-01-05,70,False
2019-01-06,78,False
2019-01-07,94,False
2019-01-08,73,False
2019-01-09,76,False
2019-01-10,99,False
2019-01-11,79,False
2019-01-12,80,False
2019-01-13,100,False
2019-01-14,72,False
2019-01-15,63,False
2019-01-16,83,False
2019-01-17,76,False
2019-01-18,78,False
2019-01-19,90,False
2019-01-20,63,False
2019-01-21,63,False
2019-01-22,86,False
2019-01-23,75,False
2019-01-24,71,False
2019-01-25,82,False
2019-01-26,81,False
2019-01-27,61,False
2019-01-28,88,False
2019-01-29,78,False
2019-01-30,63,False
2019-01-31,69,False
2019-02-01,78,False
2019-02-02,76,False
2019-02-03,53,False
2019-02-04,75,False
2019-02-05,58,False
2019-02-06,72,False
2019-02-07,55,False
2019-02-08,91,False
2019-02-09,76,False
2019-02-10,64,False
2019-02-11,71,False
2019-02-12,47,False
2019-02-13,51,False
2019-02-14,68,False
2019-02-15,74,False
2019-02-16,65,False
2019-02-17,70,False
2019-02-18,87,False
2019-02-19,98,False
2019-02-20,77,False
2019-02-21,80,False
2019-02-22,73,False
2019-02-23,77,False
2019-02-24,87,False
2019-02-25,72,False
2019-02-26,60,False
2019-02-27,55,False
2019-02-28,80,False
2019-03-01,87,False
2019-03-02,50,False
2019-03-03,78,False
2019-03-04,79,False
2019-03-05,68,False
2019-03-06,78,False
2019-03-07,66,False
2019-03-08,63,False
2019-03-09,55,False
2019-03-10,56,False
2019-03-11,54,False
2019-03-12,73,False
2019-03-13,63,False
2019-03-14,77,False
2019-03-15,62,False
2019-03-16,67,False
2019-03-17,69,False
2019-03-18,63,False
2019-03-19,69,False
2019-03-20,58,False
2019-03-21,72,False
2019-03-22,79,False
2019-03-23,63,False
2019-03-24,64,False
2019-03-25,62,False
2019-03-26,74,False
2019-03-27,15,False
2019-03-28,23,False
2019-03-29,20,False
2019-03-30,13,False
2019-03-31,10,False
2019-04-01,28,False
2019-04-02,57,False
2019-04-03,100,False
2019-04-04,71,False
2019-04-05,45,False
2019-04-06,34,False
2019-04-07,37,False
2019-04-08,35,False
2019-04-09,26,False
2019-04-10,24,False
2019-04-11,25,False
2019-04-12,22,False
2019-04-13,24,False
2019-04-14,24,False
2019-04-15,22,False
2019-04-16,24,False
2019-04-17,17,False
2019-04-18,24,False
2019-04-19,18,False
2019-04-20,19,False
2019-04-21,24,False
2019-04-22,21,False
2019-04-23,18,False
2019-04-24,23,False
2019-04-25,20,False
2019-04-26,21,False
2019-04-27,22,False
2019-04-28,21,False
2019-04-29,14,False
2019-04-30,24,False
2019-05-01,22,False
2019-05-02,25,False
2019-05-03,21,False
2019-05-04,20,False
2019-05-05,17,False
2019-05-06,19,False
2019-05-07,18,False
2019-05-08,18,False
2019-05-09,21,False
2019-05-10,24,False
2019-05-11,26,False
2019-05-12,23,False
2019-05-13,29,False
2019-05-14,38,False
2019-05-15,43,False
2019-05-16,33,False
2019-05-17,29,False
2019-05-18,22,False
2019-05-19,24,False
2019-05-20,23,False
2019-05-21,28,False
2019-05-22,17,False
2019-05-23,24,False
2019-05-24,28,False
2019-05-25,19,False
2019-05-26,24,False
2019-05-27,29,False
2019-05-28,23,False
2019-05-29,22,False
2019-05-30,37,False
2019-05-31,28,False
2019-06-01,29,False
2019-06-02,29,False
2019-06-03,24,False
2019-06-04,21,False
2019-06-05,21,False
2019-06-06,25,False
2019-06-07,33,False
2019-06-08,21,False
2019-06-09,22,False
2019-06-10,23,False
2019-06-11,23,False
2019-06-12,20,False
2019-06-13,24,False
2019-06-14,20,False
2019-06-15,21,False
2019-06-16,25,False
2019-06-17,22,False
2019-06-18,20,False
2019-06-19,26,False
2019-06-20,21,False
2019-06-21,27,False
2019-06-22,37,False
2019-06-23,30,False
2019-06-24,27,False
2019-06-25,26,False
2019-06-26,35,False
2019-06-27,30,False
2019-06-28,34,False
2019-06-29,28,False
2019-06-30,31,False
2019-07-01,19,False
2019-07-02,23,False
2019-07-03,21,False
2019-07-04,22,False
2019-07-05,100,False
2019-07-06,70,False
2019-07-07,40,False
2019-07-08,36,False
2019-07-09,36,False
2019-07-10,33,False
2019-07-11,29,False
2019-07-12,27,False
2019-07-13,23,False
2019-07-14,27,False
2019-07-15,25,False
2019-07-16,24,False
2019-07-17,26,False
2019-07-18,27,False
2019-07-19,20,False
2019-07-20,25,False
2019-07-21,23,False
2019-07-22,24,False
2019-07-23,20,False
2019-07-24,28,False
2019-07-25,21,False
2019-07-26,18,False
2019-07-27,22,False
2019-07-28,23,False
2019-07-29,21,False
2019-07-30,18,False
2019-07-31,24,False
2019-08-01,19,False
2019-08-02,24,False
2019-08-03,20,False
2019-08-04,21,False
2019-08-05,29,False
2019-08-06,19,False
2019-08-07,20,False
2019-08-08,22,False
2019-08-09,24,False
2019-08-10,27,False
2019-08-11,14,False
2019-08-12,17,False
2019-08-13,24,False
2019-08-14,19,False
2019-08-15,19,False
2019-08-16,22,False
2019-08-17,21,False
2019-08-18,20,False
2019-08-19,21,False
2019-08-20,17,False
2019-08-21,20,False
2019-08-22,21,False
2019-08-23,14,False
2019-08-24,21,False
2019-08-25,12,False
2019-08-26,19,False
2019-08-27,20,False
2019-08-28,22,False
2019-08-29,18,False
2019-08-30,15,False
2019-08-31,16,False
2019-09-01,20,False
2019-09-02,17,False
2019-09-03,23,False
2019-09-04,15,False
2019-09-05,18,False
2019-09-06,16,False
2019-09-07,18,False
2019-09-08,14,False
2019-09-09,15,False
2019-09-10,17,False
2019-09-11,16,False
2019-09-12,16,False
2019-09-13,15,False
2019-09-14,18,False
2019-09-15,17,False
2019-09-16,15,False
2019-09-17,16,False
2019-09-18,22,False
2019-09-19,14,False
2019-09-20,15,False
2019-09-21,19,False
2019-09-22,10,False
2019-09-23,16,False
2019-09-24,17,False
2019-09-25,62,False
2019-09-26,73,False
2019-09-27,54,False
2019-09-28,74,False
2019-09-29,63,False
2019-09-30,65,False
2019-10-01,76,False
2019-10-02,63,False
2019-10-03,61,False
2019-10-04,69,False
2019-10-05,66,False
2019-10-06,57,False
2019-10-07,65,False
2019-10-08,66,False
2019-10-09,54,False
2019-10-10,55,False
2019-10-11,63,False
2019-10-12,49,False
2019-10-13,82,False
2019-10-14,48,False
2019-10-15,62,False
2019-10-16,68,False
2019-10-17,100,False
2019-10-18,91,False
2019-10-19,46,False
2019-10-20,58,False
2019-10-21,60,False
2019-10-22,63,False
2019-10-23,76,False
2019-10-24,68,False
2019-10-25,70,False
2019-10-26,77,False
2019-10-27,68,False
2019-10-28,69,False
2019-10-29,68,False
2019-10-30,63,False
2019-10-31,46,False
2019-11-01,65,False
2019-11-02,69,False
2019-11-03,53,False
2019-11-04,60,False
2019-11-05,52,False
2019-11-06,73,False
2019-11-07,73,False
2019-11-08,58,False
2019-11-09,64,False
2019-11-10,82,False
2019-11-11,90,False
2019-11-12,57,False
2019-11-13,53,False
2019-11-14,67,False
2019-11-15,57,False
2019-11-16,66,False
2019-11-17,60,False
2019-11-18,55,False
2019-11-19,58,False
2019-11-20,56,False
2019-11-21,63,False
2019-11-22,63,False
2019-11-23,55,False
2019-11-24,66,False
2019-11-25,52,False
2019-11-26,49,False
2019-11-27,73,False
2019-11-28,70,False
2019-11-29,58,False
2019-11-30,54,False
2019-12-01,74,False
2019-12-02,56,False
2019-12-03,58,False
2019-12-04,65,False
2019-12-05,55,False
2019-12-06,52,False
2019-12-07,48,False
2019-12-08,51,False
2019-12-09,44,False
2019-12-10,48,False
2019-12-11,53,False
2019-12-12,45,False
2019-12-13,48,False
2019-12-14,57,False
2019-12-15,53,False
2019-12-16,66,False
2019-12-17,61,False
2019-12-18,54,False
2019-12-19,60,False
2019-12-20,58,False
2019-12-21,69,False
2019-12-22,45,False
2019-12-23,64,False
2019-12-24,53,False
2019-12-25,38,False
2019-12-26,38,False
2019-12-27,25,False
2019-12-28,36,False
2019-12-29,30,False
2019-12-30,35,False
2019-12-31,47,False
2020-01-01,32,False
2020-01-02,43,False
2020-01-03,38,False
2020-01-04,45,False
2020-01-05,36,False
2020-01-06,35,False
2020-01-07,56,False
2020-01-08,46,False
2020-01-09,46,False
2020-01-10,46,False
2020-01-11,48,False
2020-01-12,52,False
2020-01-13,35,False
2020-01-14,56,False
2020-01-15,59,False
2020-01-16,39,False
2020-01-17,49,False
2020-01-18,55,False
2020-01-19,48,False
2020-01-20,50,False
2020-01-21,38,False
2020-01-22,42,False
2020-01-23,40,False
2020-01-24,31,False
2020-01-25,41,False
2020-01-26,46,False
2020-01-27,42,False
2020-01-28,42,False
2020-01-29,38,False
2020-01-30,41,False
2020-01-31,42,False
2020-02-01,41,False
2020-02-02,28,False
2020-02-03,26,False
2020-02-04,41,False
2020-02-05,51,False
2020-02-06,50,False
2020-02-07,52,False
2020-02-08,95,False
2020-02-09,100,False
2020-02-10,52,False
2020-02-11,49,False
2020-02-12,57,False
2020-02-13,53,False
2020-02-14,51,False
2020-02-15,49,False
2020-02-16,51,False
2020-02-17,37,False
2020-02-18,44,False
2020-02-19,49,False
2020-02-20,36,False
2020-02-21,38,False
2020-02-22,40,False
2020-02-23,44,False
2020-02-24,33,False
2020-02-25,47,False
2020-02-26,37,False
2020-02-27,47,False
2020-02-28,35,False
2020-02-29,38,False
2020-03-01,40,False
2020-03-02,43,False
2020-03-03,76,False
2020-03-04,89,False
2020-03-05,55,False
2020-03-06,48,False
2020-03-07,42,False
2020-03-08,47,False
2020-03-09,45,False
2020-03-10,57,False
2020-03-11,50,False
2020-03-12,54,False
2020-03-13,48,False
2020-03-14,50,False
2020-03-15,45,False
2020-03-16,42,False
2020-03-17,44,False
2020-03-18,45,False
2020-03-19,50,False
2020-03-20,50,False
2020-03-21,49,False
2020-03-22,38,False
2020-03-23,40,False
2020-03-24,43,False
2020-03-25,49,False
2020-03-26,48,False
2020-03-27,43,False
2020-03-28,46,False
2020-03-29,40,False
2020-03-30,57,False
2020-03-31,51,False
2020-04-01,55,False
2020-04-02,55,False
2020-04-03,43,False
2020-04-04,52,False
2020-04-05,48,False
2020-04-06,70,False
2020-04-07,52,False
2020-04-08,56,False
2020-04-09,57,False
2020-04-10,52,False
2020-04-11,45,False
2020-04-12,48,False
2020-04-13,48,False
2020-04-14,51,False
2020-04-15,41,False
2020-04-16,55,False
2020-04-17,61,False
2020-04-18,56,False
2020-04-19,58,False
2020-04-20,55,False
2020-04-21,45,False
2020-04-22,49,False
2020-04-23,60,False
2020-04-24,51,False
2020-04-25,54,False
2020-04-26,86,False
2020-04-27,73,False
2020-04-28,64,False
2020-04-29,95,False
2020-04-30,100,False
2020-05-01,76,False
2020-05-02,60,False
2020-05-03,59,False
2020-05-04,53,False
2020-05-05,61,False
2020-05-06,57,False
2020-05-07,66,False
2020-05-08,58,False
2020-05-09,53,False
2020-05-10,60,False
2020-05-11,62,False
2020-05-12,66,False
2020-05-13,73,False
2020-05-14,65,False
2020-05-15,56,False
2020-05-16,61,False
2020-05-17,58,False
2020-05-18,56,False
2020-05-19,57,False
2020-05-20,57,False
2020-05-21,61,False
2020-05-22,56,False
2020-05-23,48,False
2020-05-24,48,False
2020-05-25,56,False
2020-05-26,50,False
2020-05-27,44,False
2020-05-28,58,False
2020-05-29,55,False
2020-05-30,58,False
2020-05-31,79,False
2020-06-01,54,False
2020-06-02,45,False
2020-06-03,51,False
2020-06-04,52,False
2020-06-05,66,False
2020-06-06,57,False
2020-06-07,48,False
2020-06-08,54,False
2020-06-09,58,False
2020-06-10,54,False
2020-06-11,60,False
2020-06-12,51,False
2020-06-13,54,False
2020-06-14,57,False
2020-06-15,57,False
2020-06-16,55,False
2020-06-17,47,False
2020-06-18,38,False
2020-06-19,44,False
2020-06-20,50,False
2020-06-21,56,False
2020-06-22,37,False
2020-06-23,55,False
2020-06-24,3,False
2020-06-25,2,False
2020-06-26,3,False
2020-06-27,3,False
2020-06-28,5,False
2020-06-29,4,False
2020-06-30,4,False
2020-07-01,3,False
2020-07-02,3,False
2020-07-03,3,False
2020-07-04,4,False
2020-07-05,4,False
2020-07-06,11,False
2020-07-07,33,False
2020-07-08,100,False
2020-07-09,68,False
2020-07-10,31,False
2020-07-11,17,False
2020-07-12,14,False
2020-07-13,13,False
2020-07-14,10,False
2020-07-15,9,False
2020-07-16,10,False
2020-07-17,7,False
2020-07-18,29,False
2020-07-19,18,False
2020-07-20,11,False
2020-07-21,10,False
2020-07-22,8,False
2020-07-23,8,False
2020-07-24,6,False
2020-07-25,8,False
2020-07-26,8,False
2020-07-27,8,False
2020-07-28,7,False
2020-07-29,7,False
2020-07-30,7,False
2020-07-31,7,False
2020-08-01,11,False
2020-08-02,10,False
2020-08-03,8,False
2020-08-04,8,False
2020-08-05,9,False
2020-08-06,6,False
2020-08-07,6,False
2020-08-08,6,False
2020-08-09,5,False
2020-08-10,6,False
2020-08-11,5,False
2020-08-12,4,False
2020-08-13,5,False
2020-08-14,4,False
2020-08-15,6,False
2020-08-16,4,False
2020-08-17,6,False
2020-08-18,5,False
2020-08-19,6,False
2020-08-20,4,False
2020-08-21,4,False
2020-08-22,5,False
2020-08-23,4,False
2020-08-24,4,False
2020-08-25,4,False
2020-08-26,5,False
2020-08-27,3,False
2020-08-28,3,False
2020-08-29,3,False
2020-08-30,4,False
2020-08-31,5,False
2020-09-01,5,False
2020-09-02,5,False
2020-09-03,5,False
2020-09-04,5,False
2020-09-05,5,False
2020-09-06,4,False
2020-09-07,4,False
2020-09-08,4,False
2020-09-09,4,False
2020-09-10,4,False
2020-09-11,2,False
2020-09-12,3,False
2020-09-13,3,False
2020-09-14,3,False
2020-09-15,4,False
2020-09-16,4,False
2020-09-17,3,False
2020-09-18,4,False
2020-09-19,3,False
2020-09-20,3,False
2020-09-21,3,False
2020-09-22,4,False
2020-09-23,7,False
2020-09-24,7,False
2020-09-25,7,False
2020-09-26,7,False
2020-09-27,7,False
2020-09-28,6,False
2020-09-29,5,False
2020-09-30,5,False
2020-10-01,5,False
2020-10-02,7,False
2020-10-03,5,False
2020-10-04,4,False
2020-10-05,7,False
2020-10-06,7,False
2020-10-07,4,False
2020-10-08,6,False
2020-10-09,7,False
2020-10-10,8,False
2020-10-11,5,False
2020-10-12,5,False
2020-10-13,6,False
2020-10-14,5,False
2020-10-15,4,False
2020-10-16,6,False
2020-10-17,5,False
2020-10-18,5,False
2020-10-19,6,False
2020-10-20,4,False
2020-10-21,7,False
2020-10-22,8,False
2020-10-23,9,False
2020-10-24,4,False
2020-10-25,6,False
2020-10-26,8,False
2020-10-27,6,False
2020-10-28,6,False
2020-10-29,9,False
2020-10-30,7,False
2020-10-31,5,False
2020-11-01,5,False
2020-11-02,5,False
2020-11-03,8,False
2020-11-04,5,False
2020-11-05,7,False
2020-11-06,7,False
2020-11-07,6,False
2020-11-08,6,False
2020-11-09,8,False
2020-11-10,8,False
2020-11-11,7,False
2020-11-12,7,False
2020-11-13,7,False
2020-11-14,7,False
2020-11-15,7,False
2020-11-16,8,False
2020-11-17,10,False
2020-11-18,9,False
2020-11-19,9,False
2020-11-20,10,False
2020-11-21,20,False
2020-11-22,14,False
2020-11-23,13,False
2020-11-24,25,False
2020-11-25,16,False
2020-11-26,11,False
2020-11-27,10,False
2020-11-28,10,False
2020-11-29,8,False
2020-11-30,11,False
2020-12-01,9,False
2020-12-02,10,False
2020-12-03,9,False
2020-12-04,10,False
2020-12-05,9,False
2020-12-06,10,False
2020-12-07,7,False
2020-12-08,9,False
2020-12-09,7,False
2020-12-10,7,False
2020-12-11,8,False
2020-12-12,8,False
2020-12-13,8,False
2020-12-14,8,False
2020-12-15,9,False
2020-12-16,12,False
2020-12-17,20,False
2020-12-18,16,False
2020-12-19,17,False
2020-12-20,67,False
2020-12-21,100,False
2020-12-22,40,False
2020-12-23,1,False
2020-12-24,0,False
2020-12-25,0,False
2020-12-26,0,False
2020-12-27,0,False
2020-12-28,0,False
2020-12-29,0,False
2020-12-30,0,False
2020-12-31,0,False
2021-01-01,1,False
2021-01-02,6,False
2021-01-03,6,False
2021-01-04,2,False
2021-01-05,2,False
2021-01-06,2,False
2021-01-07,2,False
2021-01-08,2,False
2021-01-09,2,False
2021-01-10,1,False
2021-01-11,1,False
2021-01-12,1,False
2021-01-13,1,False
2021-01-14,1,False
2021-01-15,1,False
2021-01-16,1,False
2021-01-17,1,False
2021-01-18,1,False
2021-01-19,1,False
2021-01-20,1,False
2021-01-21,1,False
2021-01-22,1,False
2021-01-23,1,False
2021-01-24,1,False
2021-01-25,1,False
2021-01-26,0,False
2021-01-27,1,False
2021-01-28,21,False
2021-01-29,100,False
2021-01-30,39,False
2021-01-31,22,False
2021-02-01,17,False
2021-02-02,9,False
2021-02-03,7,False
2021-02-04,30,False
2021-02-05,17,False
2021-02-06,16,False
2021-02-07,33,False
2021-02-08,34,False
2021-02-09,23,False
2021-02-10,16,False
2021-02-11,12,False
2021-02-12,10,False
2021-02-13,7,False
2021-02-14,9,False
2021-02-15,11,False
2021-02-16,8,False
2021-02-17,7,False
2021-02-18,7,False
2021-02-19,6,False
2021-02-20,6,False
2021-02-21,5,False
2021-02-22,5,False
2021-02-23,5,False
2021-02-24,5,False
2021-02-25,5,False
2021-02-26,4,False
2021-02-27,3,False
2021-02-28,3,False
2021-03-01,3,False
2021-03-02,3,False
2021-03-03,3,False
2021-03-04,3,False
2021-03-05,3,False
2021-03-06,3,False
2021-03-07,3,False
2021-03-08,4,False
2021-03-09,4,False
2021-03-10,3,False
2021-03-11,3,False
2021-03-12,3,False
2021-03-13,3,False
2021-03-14,4,False
2021-03-15,3,False
2021-03-16,3,False
2021-03-17,3,False
2021-03-18,2,False
2021-03-19,2,False
2021-03-20,2,False
2021-03-21,2,False
2021-03-22,2,False
2021-03-23,2,False
2021-03-24,2,False
2021-03-25,2,False
2021-03-26,2,False
2021-03-27,2,False
2021-03-28,1,False
2021-03-29,2,False
2021-03-30,2,False
2021-03-31,2,False
2021-04-01,4,False
2021-04-02,3,False
2021-04-03,2,False
2021-04-04,2,False
2021-04-05,2,False
2021-04-06,3,False
2021-04-07,3,False
2021-04-08,2,False
2021-04-09,2,False
2021-04-10,2,False
2021-04-11,5,False
2021-04-12,3,False
2021-04-13,8,False
2021-04-14,28,False
2021-04-15,24,False
2021-04-16,100,False
2021-04-17,50,False
2021-04-18,32,False
2021-04-19,37,False
2021-04-20,46,False
2021-04-21,26,False
2021-04-22,22,False
2021-04-23,24,False
2021-04-24,16,False
2021-04-25,12,False
2021-04-26,11,False
2021-04-27,11,False
2021-04-28,17,False
2021-04-29,13,False
2021-04-30,11,False
2021-05-01,15,False
2021-05-02,15,False
2021-05-03,19,False
2021-05-04,51,False
2021-05-05,62,False
2021-05-06,40,False
2021-05-07,38,False
2021-05-08,55,False
2021-05-09,92,False
2021-05-10,47,False
2021-05-11,32,False
2021-05-12,26,False
2021-05-13,33,False
2021-05-14,35,False
2021-05-15,23,False
2021-05-16,20,False
2021-05-17,20,False
2021-05-18,15,False
2021-05-19,27,False
2021-05-20,20,False
2021-05-21,16,False
2021-05-22,12,False
2021-05-23,14,False
2021-05-24,14,False
2021-05-25,12,False
2021-05-26,9,False
2021-05-27,7,False
2021-05-28,7,False
2021-05-29,7,False
2021-05-30,7,False
2021-05-31,6,False
2021-06-01,7,False
2021-06-02,14,False
2021-06-03,11,False
2021-06-04,9,False
2021-06-05,7,False
2021-06-06,6,False
2021-06-07,6,False
2021-06-08,6,False
2021-06-09,6,False
2021-06-10,5,False
2021-06-11,5,False
2021-06-12,5,False
2021-06-13,4,False
2021-06-14,5,False
2021-06-15,4,False
2021-06-16,4,False
2021-06-17,4,False
2021-06-18,4,False
2021-06-19,4,False
2021-06-20,5,False
2021-06-21,8,False
2021-06-22,10,False
2021-06-23,100,False
2021-06-24,91,False
2021-06-25,89,False
2021-06-26,70,False
2021-06-27,70,False
2021-06-28,70,False
2021-06-29,69,False
2021-06-30,61,False
2021-07-01,80,False
2021-07-02,75,False
2021-07-03,61,False
2021-07-04,65,False
2021-07-05,58,False
2021-07-06,56,False
2021-07-07,50,False
2021-07-08,58,False
2021-07-09,62,False
2021-07-10,51,False
2021-07-11,44,False
2021-07-12,47,False
2021-07-13,48,False
2021-07-14,50,False
2021-07-15,55,False
2021-07-16,54,False
2021-07-17,60,False
2021-07-18,49,False
2021-07-19,57,False
2021-07-20,66,False
2021-07-21,62,False
2021-07-22,52,False
2021-07-23,43,False
2021-07-24,46,False
2021-07-25,50,False
2021-07-26,69,False
2021-07-27,47,False
2021-07-28,46,False
2021-07-29,39,False
2021-07-30,35,False
2021-07-31,36,False
2021-08-01,36,False
2021-08-02,33,False
2021-08-03,31,False
2021-08-04,33,False
2021-08-05,37,False
2021-08-06,39,False
2021-08-07,62,False
2021-08-08,74,False
2021-08-09,54,False
2021-08-10,53,False
2021-08-11,56,False
2021-08-12,52,False
2021-08-13,52,False
2021-08-14,59,False
2021-08-15,86,False
2021-08-16,91,False
2021-08-17,66,False
2021-08-18,56,False
2021-08-19,55,False
2021-08-20,58,False
2021-08-21,47,False
2021-08-22,46,False
2021-08-23,55,False
2021-08-24,56,False
2021-08-25,43,False
2021-08-26,41,False
2021-08-27,35,False
2021-08-28,35,False
2021-08-29,33,False
2021-08-30,34,False
2021-08-31,34,False
2021-09-01,39,False
2021-09-02,44,False
2021-09-03,43,False
2021-09-04,40,False
2021-09-05,39,False
2021-09-06,38,False
2021-09-07,48,False
2021-09-08,41,False
2021-09-09,33,False
2021-09-10,31,False
2021-09-11,27,False
2021-09-12,28,False
2021-09-13,33,False
2021-09-14,33,False
2021-09-15,32,False
2021-09-16,29,False
2021-09-17,30,False
2021-09-18,25,False
2021-09-19,25,False
2021-09-20,32,False
2021-09-21,32,False
2021-09-22,29,False
2021-09-23,28,False
2021-09-24,28,False
2021-09-25,23,False
2021-09-26,20,False
2021-09-27,19,False
2021-09-28,21,False
2021-09-29,21,False
2021-09-30,19,False
2021-10-01,21,False
2021-10-02,21,False
2021-10-03,19,False
2021-10-04,29,False
2021-10-05,43,False
2021-10-06,42,False
2021-10-07,40,False
2021-10-08,35,False
2021-10-09,32,False
2021-10-10,28,False
2021-10-11,35,False
2021-10-12,32,False
2021-10-13,29,False
2021-10-14,32,False
2021-10-15,31,False
2021-10-16,31,False
2021-10-17,29,False
2021-10-18,45,False
2021-10-19,36,False
2021-10-20,41,False
2021-10-21,37,False
2021-10-22,32,False
2021-10-23,32,False
2021-10-24,45,False
2021-10-25,50,False
2021-10-26,48,False
2021-10-27,58,False
2021-10-28,100,False
2021-10-29,67,False
2021-10-30,55,False
2021-10-31,48,False
2021-11-01,50,False
2021-11-02,49,False
2021-11-03,41,False
2021-11-04,37,False
2021-11-05,36,False
2021-11-06,31,False
2021-11-07,31,False
2021-11-08,44,False
2021-11-09,41,False
2021-11-10,36,False
2021-11-11,35,False
2021-11-12,32,False
2021-11-13,31,False
2021-11-14,31,False
2021-11-15,30,False
2021-11-16,32,False
2021-11-17,28,False
2021-11-18,29,False
2021-11-19,28,False
2021-11-20,27,False
2021-11-21,23,False
2021-11-22,26,False
2021-11-23,29,False
2021-11-24,28,False
2021-11-25,26,False
2021-11-26,27,False
2021-11-27,24,False
2021-11-28,23,False
2021-11-29,28,False
2021-11-30,30,False
2021-12-01,26,False
2021-12-02,28,False
2021-12-03,25,False
2021-12-04,38,False
2021-12-05,30,False
2021-12-06,29,False
2021-12-07,25,False
2021-12-08,25,False
2021-12-09,23,False
2021-12-10,24,False
2021-12-11,21,False
2021-12-12,19,False
2021-12-13,27,False
2021-12-14,84,False
2021-12-15,60,False
2021-12-16,38,False
2021-12-17,32,False
2021-12-18,24,False
2021-12-19,23,False
2021-12-20,27,False
2021-12-21,24,False
2021-12-22,32,False
2021-12-23,28,False
2021-12-24,35,False
2021-12-25,34,False
2021-12-26,31,False
2021-12-27,34,False
2021-12-28,31,False
2021-12-29,31,False
2021-12-30,33,False
2021-12-31,27,False
2022-01-01,29,False
2022-01-02,34,False
2022-01-03,30,False
2022-01-04,29,False
2022-01-05,30,False
2022-01-06,36,False
2022-01-07,35,False
2022-01-08,32,False
2022-01-09,29,False
2022-01-10,33,False
2022-01-11,36,False
2022-01-12,33,False
2022-01-13,35,False
2022-01-14,100,False
2022-01-15,72,False
2022-01-16,50,False
2022-01-17,42,False
2022-01-18,34,False
2022-01-19,33,False
2022-01-20,32,False
2022-01-21,37,False
2022-01-22,45,False
2022-01-23,39,False
2022-01-24,43,False
2022-01-25,42,False
2022-01-26,48,False
2022-01-27,34,False
2022-01-28,31,False
2022-01-29,27,False
2022-01-30,28,False
2022-01-31,25,False
2022-02-01,27,False
2022-02-02,27,False
2022-02-03,25,False
2022-02-04,31,False
2022-02-05,26,False
2022-02-06,26,False
2022-02-07,39,False
2022-02-08,33,False
2022-02-09,26,False
2022-02-10,25,False
2022-02-11,21,False
2022-02-12,21,False
2022-02-13,27,False
2022-02-14,22,False
2022-02-15,23,False
2022-02-16,21,False
2022-02-17,20,False
2022-02-18,19,False
2022-02-19,22,False
2022-02-20,22,False
2022-02-21,20,False
2022-02-22,23,False
2022-02-23,20,False
2022-02-24,30,False
2022-02-25,20,False
2022-02-26,19,False
2022-02-27,17,False
2022-02-28,21,False
2022-03-01,23,False
2022-03-02,22,False
2022-03-03,21,False
2022-03-04,17,False
2022-03-05,18,False
2022-03-06,18,False
2022-03-07,19,False
2022-03-08,18,False
2022-03-09,21,False
2022-03-10,19,False
2022-03-11,17,False
2022-03-12,15,False
2022-03-13,16,False
2022-03-14,18,False
2022-03-15,17,False
2022-03-16,17,False
2022-03-17,17,False
2022-03-18,17,False
2022-03-19,19,False
2022-03-20,17,False
2022-03-21,16,False
2022-03-22,17,False
2022-03-23,31,False
2022-03-24,44,False
2022-03-25,33,False
2022-03-26,28,False
2022-03-27,35,False
2022-03-28,46,False
2022-03-29,35,False
2022-03-30,31,False
2022-03-31,28,False
2022-04-01,29,False
2022-04-02,30,False
2022-04-03,33,False
2022-04-04,38,False
2022-04-05,68,False
2022-04-06,48,False
2022-04-07,35,False
2022-04-08,33,False
2022-04-09,28,False
2022-04-10,43,False
2022-04-11,37,False
2022-04-12,36,False
2022-04-13,33,False
2022-04-14,34,False
2022-04-15,38,False
2022-04-16,33,False
2022-04-17,32,False
2022-04-18,32,False
2022-04-19,30,False
2022-04-20,32,False
2022-04-21,29,False
2022-04-22,28,False
2022-04-23,25,False
2022-04-24,25,False
2022-04-25,89,False
2022-04-26,100,False
2022-04-27,52,False
2022-04-28,40,False
2022-04-29,39,False
2022-04-30,34,False
2022-05-01,31,False
2022-05-02,33,False
2022-05-03,32,False
2022-05-04,31,False
2022-05-05,34,False
2022-05-06,31,False
2022-05-07,29,False
2022-05-08,27,False
2022-05-09,39,False
2022-05-10,44,False
2022-05-11,53,False
2022-05-12,78,False
2022-05-13,63,False
2022-05-14,44,False
2022-05-15,37,False
2022-05-16,35,False
2022-05-17,35,False
2022-05-18,35,False
2022-05-19,33,False
2022-05-20,34,False
2022-05-21,24,False
2022-05-22,0,True
